,fold,PQD,PQD(class),EPPV,ENPV,DPM(Positive),DPM(Negative),EOM(Positive),EOM(Negative),AUCRatio,EOpp0,EOpp1,EBAcc,EOdd,AUCDiff,TOTALACCDIF,ACCDIF,AUC_diff,ACC_diff,TPR_diff,TNR_diff,PPV_diff,NPV_diff,PR_diff,NR_diff,BAcc_diff,FPR_diff,FNR_diff,OverAllAcc_diff,OverAllAUC_diff,TOTALACC_diff
pval,0,0.502,0.502,0.42,0.913,0.155,0.141,0.536,0.75,0.492,0.749,0.537,0.531,0.647,0.492,0.499,0.499,0.492,0.499,0.537,0.749,0.421,0.914,0.146,0.146,0.531,0.251,0.463,1.0,1.0,0.499
pval,1,0.419,0.419,0.369,0.66,0.142,0.132,0.405,0.867,0.572,0.866,0.405,0.586,0.851,0.574,0.419,0.419,0.574,0.419,0.405,0.866,0.368,0.661,0.139,0.139,0.586,0.134,0.595,1.0,1.0,0.419
pval,2,0.107,0.107,0.066,0.783,0.164,0.154,0.511,0.235,0.39,0.234,0.51,0.171,0.245,0.39,0.105,0.105,0.39,0.105,0.51,0.234,0.066,0.784,0.158,0.158,0.171,0.766,0.49,1.0,1.0,0.105
pval,3,0.106,0.106,0.017,0.711,0.144,0.141,0.804,0.108,0.194,0.108,0.802,0.139,0.062,0.194,0.103,0.103,0.194,0.103,0.802,0.108,0.016,0.71,0.142,0.142,0.139,0.892,0.198,1.0,1.0,0.103
pval,fisher_combined,0.1478203270530834,0.1478203270530834,0.026998619182076775,0.9748273393355336,0.05677539068385411,0.04803295498023939,0.7751556854772016,0.41338393333864043,0.46343170425884206,0.4121010546725176,0.7746128260036987,0.27835306212871835,0.2966840736001585,0.4641385061937069,0.14319351375660772,0.14319351375660772,0.4641385061937069,0.14319351375660772,0.7746128260036987,0.4121010546725176,0.025874922214237775,0.9750074473952144,0.05200793324620554,0.05200793324620554,0.27835306212871835,0.4790078381425268,0.5105376821637115,1.0,1.0,0.14319351375660772
