,fold,PQD,PQD(class),EPPV,ENPV,DPM(Positive),DPM(Negative),EOM(Positive),EOM(Negative),AUCRatio,EOpp0,EOpp1,EBAcc,EOdd,AUCDiff,TOTALACCDIF,ACCDIF,AUC_diff,ACC_diff,TPR_diff,TNR_diff,PPV_diff,NPV_diff,PR_diff,NR_diff,BAcc_diff,FPR_diff,FNR_diff,OverAllAcc_diff,OverAllAUC_diff,TOTALACC_diff
pval,0,0.509,0.509,0.58,0.087,0.846,0.86,0.464,0.25,0.508,0.251,0.463,0.469,0.353,0.508,0.512,0.512,0.508,0.512,0.463,0.251,0.579,0.086,0.855,0.855,0.469,0.749,0.537,1.0,1.0,0.512
pval,1,0.587,0.587,0.631,0.34,0.86,0.87,0.595,0.133,0.428,0.134,0.595,0.414,0.149,0.426,0.587,0.587,0.426,0.587,0.595,0.134,0.632,0.339,0.863,0.863,0.414,0.866,0.405,1.0,1.0,0.587
pval,2,0.894,0.894,0.934,0.217,0.836,0.846,0.489,0.765,0.61,0.766,0.49,0.829,0.755,0.61,0.896,0.896,0.61,0.896,0.49,0.766,0.934,0.216,0.842,0.842,0.829,0.234,0.51,1.0,1.0,0.896
pval,3,0.894,0.894,0.983,0.289,0.859,0.862,0.196,0.892,0.806,0.892,0.198,0.861,0.938,0.806,0.897,0.897,0.806,0.897,0.198,0.892,0.984,0.29,0.861,0.861,0.861,0.108,0.802,1.0,1.0,0.897
pval,fisher_combined,0.9425840573984341,0.9425840573984341,0.9749465520249238,0.12715290655028935,0.9955719312609101,0.9965255828252283,0.5084147482089975,0.47638014193752276,0.8122529783193565,0.4790078381425268,0.5105376821637115,0.8613856214221867,0.5825175629082642,0.8113194821123182,0.9439155308803199,0.9439155308803199,0.8113194821123182,0.9439155308803199,0.5105376821637115,0.4790078381425268,0.9750100445656551,0.1259521861043328,0.9961091651062101,0.9961091651062101,0.8613856214221867,0.4121010546725176,0.7746128260036987,1.0,1.0,0.9439155308803199
