,fold,PQD,PQD(class),EPPV,ENPV,DPM(Positive),DPM(Negative),EOM(Positive),EOM(Negative),AUCRatio,EOpp0,EOpp1,EBAcc,EOdd,AUCDiff,TOTALACCDIF,ACCDIF,AUC_diff,ACC_diff,TPR_diff,TNR_diff,PPV_diff,NPV_diff,PR_diff,NR_diff,BAcc_diff,FPR_diff,FNR_diff,OverAllAcc_diff,OverAllAUC_diff,TOTALACC_diff
pval,0,0.932,0.932,0.034,0.505,0.193,0.294,0.073,0.929,0.179,0.928,0.135,0.299,0.929,0.232,0.932,0.932,0.232,0.932,0.135,0.928,0.067,0.479,0.266,0.266,0.299,0.072,0.866,1.0,1.0,0.932
pval,1,0.768,0.768,0.481,0.34,0.551,0.509,0.472,0.577,0.996,0.598,0.428,0.839,0.624,0.996,0.766,0.766,0.996,0.766,0.428,0.598,0.506,0.317,0.526,0.526,0.839,0.402,0.572,1.0,1.0,0.766
pval,2,0.156,0.156,0.499,0.192,0.415,0.357,0.119,0.736,0.257,0.73,0.071,0.122,0.95,0.229,0.127,0.127,0.229,0.127,0.071,0.73,0.482,0.157,0.383,0.383,0.122,0.27,0.929,1.0,1.0,0.127
pval,3,0.253,0.253,0.697,0.224,0.452,0.417,0.174,0.851,0.675,0.849,0.139,0.229,0.932,0.669,0.23,0.23,0.669,0.23,0.139,0.849,0.685,0.195,0.428,0.428,0.229,0.151,0.861,1.0,1.0,0.23
pval,fisher_combined,0.522320726756905,0.522320726756905,0.24204684239018293,0.27812393724398393,0.4503228570160962,0.472631813944834,0.06983611830630308,0.974886484205259,0.5417987904740617,0.9766052053265992,0.06034369062537494,0.27059689248080465,0.9951341993601316,0.571291673725093,0.45922275646183086,0.45922275646183086,0.571291673725093,0.45922275646183086,0.06034369062537494,0.9766052053265992,0.34357495145818684,0.21672986135375444,0.4785994676098151,0.4785994676098151,0.27059689248080465,0.09623422534215542,0.9852285180409374,1.0,1.0,0.45922275646183086
