,fold,PQD,PQD(class),EPPV,ENPV,DPM(Positive),DPM(Negative),EOM(Positive),EOM(Negative),AUCRatio,EOpp0,EOpp1,EBAcc,EOdd,AUCDiff,TOTALACCDIF,ACCDIF,AUC_diff,ACC_diff,TPR_diff,TNR_diff,PPV_diff,NPV_diff,PR_diff,NR_diff,BAcc_diff,FPR_diff,FNR_diff,OverAllAcc_diff,OverAllAUC_diff,TOTALACC_diff
pval,0,0.948,0.948,0.043,0.513,0.194,0.312,0.063,0.928,0.192,0.928,0.136,0.261,0.94,0.249,0.948,0.948,0.249,0.948,0.136,0.928,0.076,0.484,0.273,0.273,0.261,0.072,0.864,1.0,1.0,0.948
pval,1,0.777,0.777,0.481,0.342,0.533,0.501,0.507,0.628,0.997,0.644,0.481,0.853,0.624,0.997,0.772,0.772,0.997,0.772,0.481,0.644,0.504,0.31,0.517,0.517,0.853,0.356,0.519,1.0,1.0,0.772
pval,2,0.155,0.155,0.507,0.2,0.379,0.336,0.109,0.754,0.266,0.753,0.072,0.132,0.961,0.232,0.138,0.138,0.232,0.138,0.072,0.753,0.494,0.171,0.359,0.359,0.132,0.247,0.928,1.0,1.0,0.138
pval,3,0.241,0.241,0.714,0.224,0.442,0.394,0.177,0.879,0.702,0.878,0.123,0.234,0.946,0.695,0.224,0.224,0.695,0.224,0.123,0.878,0.705,0.203,0.421,0.421,0.234,0.122,0.877,1.0,1.0,0.224
pval,fisher_combined,0.5167033642794998,0.5167033642794998,0.28014009949819463,0.28731660395121994,0.4226462570504174,0.4576706663586809,0.06348912099131206,0.9838551742151095,0.5734238284065003,0.9850821379544566,0.060973276078493205,0.2678986693959615,0.9960401268708469,0.5984775459074725,0.4757825485346181,0.4757825485346181,0.5984775459074725,0.4757825485346181,0.060973276078493205,0.9850821379544566,0.37410910740439807,0.2307228069029197,0.4638057092506179,0.4638057092506179,0.2678986693959615,0.0735112407331431,0.9805170504572539,1.0,1.0,0.4757825485346181
