,fold,PQD,PQD(class),EPPV,ENPV,DPM(Positive),DPM(Negative),EOM(Positive),EOM(Negative),AUCRatio,EOpp0,EOpp1,EBAcc,EOdd,AUCDiff,TOTALACCDIF,ACCDIF,AUC_diff,ACC_diff,TPR_diff,TNR_diff,PPV_diff,NPV_diff,PR_diff,NR_diff,BAcc_diff,FPR_diff,FNR_diff,OverAllAcc_diff,OverAllAUC_diff,TOTALACC_diff
pval,0,0.317,0.317,0.909,0.207,0.042,0.064,0.033,0.553,0.197,0.552,0.034,0.094,0.967,0.202,0.319,0.319,0.202,0.319,0.034,0.552,0.907,0.215,0.051,0.051,0.094,0.448,0.966,1.0,1.0,0.319
pval,1,0.156,0.156,0.125,0.342,0.015,0.023,0.034,0.744,0.344,0.744,0.039,0.04,0.971,0.346,0.157,0.157,0.346,0.157,0.039,0.744,0.133,0.344,0.019,0.019,0.04,0.256,0.961,1.0,1.0,0.157
pval,2,0.056,0.056,0.019,0.226,0.009,0.012,0.006,0.581,0.152,0.579,0.007,0.014,0.993,0.157,0.054,0.054,0.157,0.054,0.007,0.579,0.023,0.23,0.009,0.009,0.014,0.421,0.993,1.0,1.0,0.054
pval,3,0.145,0.145,0.009,0.774,0.008,0.016,0.064,0.524,0.168,0.529,0.067,0.076,0.935,0.17,0.146,0.146,0.17,0.146,0.067,0.529,0.012,0.774,0.013,0.013,0.076,0.471,0.933,1.0,1.0,0.146
pval,fisher_combined,0.04782670964762265,0.04782670964762265,0.005508384451463621,0.3609515218652595,4.3843231923728534e-05,0.000198181819912322,0.00027915580879795836,0.8428974522135925,0.12190315576196951,0.8436899640582042,0.00037549735667330393,0.0016429809225979959,0.9999867602319243,0.12758228579716593,0.04729128033124001,0.04729128033124001,0.12758228579716593,0.04729128033124001,0.00037549735667330393,0.8436899640582042,0.008227601085934233,0.371768389218031,9.371317023703661e-05,9.371317023703661e-05,0.0016429809225979959,0.4768541686174691,0.9999809216235731,1.0,1.0,0.04729128033124001
