,fold,PQD,PQD(class),EPPV,ENPV,DPM(Positive),DPM(Negative),EOM(Positive),EOM(Negative),AUCRatio,EOpp0,EOpp1,EBAcc,EOdd,AUCDiff,TOTALACCDIF,ACCDIF,AUC_diff,ACC_diff,TPR_diff,TNR_diff,PPV_diff,NPV_diff,PR_diff,NR_diff,BAcc_diff,FPR_diff,FNR_diff,OverAllAcc_diff,OverAllAUC_diff,TOTALACC_diff
pval,0,0.298,0.298,0.914,0.192,0.041,0.062,0.029,0.545,0.186,0.547,0.028,0.077,0.977,0.19,0.301,0.301,0.19,0.301,0.028,0.547,0.915,0.19,0.057,0.057,0.077,0.453,0.972,1.0,1.0,0.301
pval,1,0.145,0.145,0.145,0.34,0.017,0.025,0.035,0.741,0.391,0.743,0.037,0.037,0.982,0.396,0.145,0.145,0.396,0.145,0.037,0.743,0.146,0.345,0.023,0.023,0.037,0.257,0.963,1.0,1.0,0.145
pval,2,0.053,0.053,0.022,0.239,0.016,0.018,0.013,0.584,0.157,0.586,0.012,0.01,0.99,0.158,0.052,0.052,0.158,0.052,0.012,0.586,0.024,0.241,0.015,0.015,0.01,0.414,0.988,1.0,1.0,0.052
pval,3,0.114,0.114,0.013,0.672,0.008,0.01,0.045,0.541,0.168,0.542,0.048,0.042,0.938,0.169,0.12,0.12,0.169,0.12,0.048,0.542,0.014,0.674,0.008,0.008,0.042,0.458,0.952,1.0,1.0,0.12
pval,fisher_combined,0.03574052652118515,0.03574052652118515,0.00905346462525108,0.33262855754633963,7.688606839367666e-05,0.00019610822608448296,0.00036175431231662844,0.8463390425810612,0.12975182700714524,0.8484907454879113,0.000363207810422431,0.0006344167244060293,0.9999932408330597,0.13341806495936248,0.036787373093210174,0.036787373093210174,0.13341806495936248,0.036787373093210174,0.000363207810422431,0.8484907454879113,0.010250289746736647,0.33518869024362574,0.00012271543155026072,0.00012271543155026072,0.0006344167244060293,0.47076402241327087,0.9999900957504811,1.0,1.0,0.036787373093210174
