,fold,PQD,PQD(class),EPPV,ENPV,DPM(Positive),DPM(Negative),EOM(Positive),EOM(Negative),AUCRatio,EOpp0,EOpp1,EBAcc,EOdd,AUCDiff,TOTALACCDIF,ACCDIF,AUC_diff,ACC_diff,TPR_diff,TNR_diff,PPV_diff,NPV_diff,PR_diff,NR_diff,BAcc_diff,FPR_diff,FNR_diff,OverAllAcc_diff,OverAllAUC_diff,TOTALACC_diff
pval,0,0.26,0.26,0.52,0.385,0.713,0.733,0.482,0.383,0.204,0.349,0.434,0.233,0.446,0.16,0.222,0.222,0.16,0.222,0.434,0.349,0.485,0.34,0.725,0.719,0.233,0.651,0.566,1.0,1.0,0.222
pval,1,0.539,0.539,0.557,0.774,0.944,0.949,0.66,0.692,0.252,0.687,0.645,0.537,0.507,0.212,0.523,0.523,0.212,0.523,0.645,0.687,0.539,0.771,0.949,0.944,0.537,0.313,0.355,1.0,1.0,0.523
pval,2,0.649,0.649,0.823,0.548,0.71,0.702,0.505,0.983,0.237,0.982,0.48,0.558,0.773,0.202,0.639,0.639,0.202,0.639,0.48,0.982,0.822,0.529,0.707,0.707,0.558,0.018,0.52,1.0,1.0,0.639
pval,3,0.202,0.202,0.847,0.163,0.509,0.545,0.358,0.386,0.089,0.364,0.33,0.176,0.56,0.049,0.184,0.184,0.049,0.184,0.33,0.364,0.844,0.14,0.532,0.532,0.176,0.636,0.67,1.0,1.0,0.184
pval,fisher_combined,0.4340713974133601,0.4340713974133601,0.9211906242510504,0.5096658400261882,0.9447175580167692,0.9544979645258248,0.6795126243326095,0.7999661052359088,0.09125450415661075,0.7667547653043164,0.6212961779247606,0.3595974152317489,0.7944551075749005,0.0424037910582474,0.3782477406116395,0.3782477406116395,0.0424037910582474,0.3782477406116395,0.6212961779247606,0.7667547653043164,0.9057209854031305,0.44493103114714294,0.9515640186669846,0.9501039133508243,0.3595974152317489,0.14586566851748603,0.7230652701707547,1.0,1.0,0.3782477406116395
