,fold,PQD,PQD(class),EPPV,ENPV,DPM(Positive),DPM(Negative),EOM(Positive),EOM(Negative),AUCRatio,EOpp0,EOpp1,EBAcc,EOdd,AUCDiff,TOTALACCDIF,ACCDIF,AUC_diff,ACC_diff,TPR_diff,TNR_diff,PPV_diff,NPV_diff,PR_diff,NR_diff,BAcc_diff,FPR_diff,FNR_diff,OverAllAcc_diff,OverAllAUC_diff,TOTALACC_diff
pval,0,0.256,0.256,0.519,0.35,0.7,0.721,0.429,0.407,0.226,0.377,0.387,0.24,0.491,0.176,0.221,0.221,0.176,0.221,0.387,0.377,0.493,0.318,0.711,0.708,0.24,0.623,0.613,1.0,1.0,0.221
pval,1,0.535,0.535,0.555,0.744,0.937,0.94,0.65,0.68,0.241,0.67,0.632,0.53,0.5,0.2,0.518,0.518,0.2,0.518,0.632,0.67,0.531,0.742,0.94,0.937,0.53,0.33,0.368,1.0,1.0,0.518
pval,2,0.65,0.65,0.846,0.547,0.712,0.699,0.468,0.988,0.205,0.988,0.451,0.566,0.786,0.168,0.644,0.644,0.168,0.644,0.451,0.988,0.84,0.533,0.703,0.703,0.566,0.012,0.549,1.0,1.0,0.644
pval,3,0.349,0.349,0.965,0.209,0.685,0.699,0.402,0.577,0.098,0.565,0.371,0.291,0.661,0.055,0.326,0.326,0.055,0.326,0.371,0.565,0.965,0.177,0.694,0.694,0.291,0.435,0.629,1.0,1.0,0.326
pval,fisher_combined,0.5427878137123909,0.5427878137123909,0.940772731974699,0.5335578908321137,0.971220989409488,0.9738724341921129,0.6589538728430306,0.8836910061077298,0.09177699449886341,0.8644467298660917,0.603401920603017,0.4601605243964758,0.8462752224510302,0.041503423050787844,0.48826510550878655,0.48826510550878655,0.041503423050787844,0.48826510550878655,0.603401920603017,0.8644467298660917,0.9278970582006443,0.4724727964594282,0.9727068692841672,0.9721354580178776,0.4601605243964758,0.09066089351253936,0.7463306924243215,1.0,1.0,0.48826510550878655
