,fold,PQD,PQD(class),EPPV,ENPV,DPM(Positive),DPM(Negative),EOM(Positive),EOM(Negative),AUCRatio,EOpp0,EOpp1,EBAcc,EOdd,AUCDiff,TOTALACCDIF,ACCDIF,AUC_diff,ACC_diff,TPR_diff,TNR_diff,PPV_diff,NPV_diff,PR_diff,NR_diff,BAcc_diff,FPR_diff,FNR_diff,OverAllAcc_diff,OverAllAUC_diff,TOTALACC_diff
pval,0,0.875,0.875,0.633,0.7,0.56,0.574,0.544,0.827,0.919,0.833,0.575,0.833,0.656,0.921,0.872,0.872,0.921,0.872,0.575,0.833,0.677,0.695,0.565,0.565,0.833,0.167,0.428,1.0,1.0,0.872
pval,1,0.849,0.849,0.57,0.629,0.742,0.731,0.289,0.868,0.908,0.872,0.296,0.723,0.898,0.909,0.845,0.845,0.909,0.845,0.296,0.872,0.611,0.631,0.735,0.735,0.723,0.128,0.704,1.0,1.0,0.845
pval,2,0.858,0.858,0.642,0.652,0.797,0.785,0.332,0.891,0.932,0.893,0.34,0.737,0.908,0.927,0.861,0.861,0.927,0.861,0.34,0.893,0.66,0.657,0.786,0.786,0.737,0.107,0.66,1.0,1.0,0.861
pval,3,0.883,0.883,0.757,0.715,0.715,0.707,0.487,0.897,0.841,0.899,0.501,0.856,0.823,0.842,0.884,0.884,0.842,0.884,0.501,0.899,0.777,0.716,0.707,0.707,0.856,0.101,0.499,1.0,1.0,0.884
pval,fisher_combined,0.9971149707385478,0.9971149707385478,0.9005878711721855,0.9234466049639343,0.9415903298432158,0.9396062495437302,0.49996111477181904,0.9974430891343173,0.9990336594783829,0.9977009039689974,0.5278677109280047,0.9829275020099965,0.9901122216723399,0.9990259942370453,0.997051528853576,0.997051528853576,0.9990259942370453,0.997051528853576,0.5278677109280047,0.9977009039689974,0.9278505701614468,0.9241300683895208,0.9385111890983517,0.9385111890983517,0.9829275020099965,0.03286427905227932,0.7972550889992214,1.0,1.0,0.997051528853576
