,fold,PQD,PQD(class),EPPV,ENPV,DPM(Positive),DPM(Negative),EOM(Positive),EOM(Negative),AUCRatio,EOpp0,EOpp1,EBAcc,EOdd,AUCDiff,TOTALACCDIF,ACCDIF,AUC_diff,ACC_diff,TPR_diff,TNR_diff,PPV_diff,NPV_diff,PR_diff,NR_diff,BAcc_diff,FPR_diff,FNR_diff,OverAllAcc_diff,OverAllAUC_diff,TOTALACC_diff
pval,0,0.127,0.127,0.374,0.3,0.452,0.438,0.459,0.173,0.081,0.167,0.428,0.167,0.344,0.079,0.13,0.13,0.079,0.13,0.428,0.167,0.325,0.305,0.447,0.447,0.167,0.833,0.575,1.0,1.0,0.13
pval,1,0.154,0.154,0.432,0.371,0.267,0.278,0.713,0.132,0.092,0.128,0.704,0.277,0.102,0.091,0.158,0.158,0.091,0.158,0.704,0.128,0.389,0.369,0.274,0.274,0.277,0.872,0.296,1.0,1.0,0.158
pval,2,0.142,0.142,0.359,0.348,0.204,0.216,0.668,0.109,0.068,0.107,0.66,0.263,0.092,0.073,0.139,0.139,0.073,0.139,0.66,0.107,0.34,0.343,0.215,0.215,0.263,0.893,0.34,1.0,1.0,0.139
pval,3,0.117,0.117,0.243,0.285,0.289,0.297,0.513,0.103,0.159,0.101,0.499,0.144,0.177,0.158,0.116,0.116,0.158,0.116,0.499,0.101,0.223,0.284,0.297,0.297,0.144,0.899,0.501,1.0,1.0,0.116
pval,fisher_combined,0.041476537147939994,0.041476537147939994,0.38403344573515785,0.3412265868892693,0.27275357312963067,0.2863934983034223,0.8217215012531881,0.035299575890333404,0.015667328999473054,0.03286427905227932,0.7972550889992214,0.12281764459280481,0.0604229909431366,0.015993453246798642,0.04201437839937444,0.04201437839937444,0.015993453246798642,0.04201437839937444,0.7972550889992214,0.03286427905227932,0.31802474221385735,0.3400724362085563,0.2865729470344573,0.2865729470344573,0.12281764459280481,0.9977009039689974,0.5278677109280047,1.0,1.0,0.04201437839937444
