,fold,PQD,PQD(class),EPPV,ENPV,DPM(Positive),DPM(Negative),EOM(Positive),EOM(Negative),AUCRatio,EOpp0,EOpp1,EBAcc,EOdd,AUCDiff,TOTALACCDIF,ACCDIF,AUC_diff,ACC_diff,TPR_diff,TNR_diff,PPV_diff,NPV_diff,PR_diff,NR_diff,BAcc_diff,FPR_diff,FNR_diff,OverAllAcc_diff,OverAllAUC_diff,TOTALACC_diff
pval,0,0.61,0.61,0.624,0.4569327731092437,0.883,0.87,0.875,0.7626050420168067,0.794,0.528,0.875,0.511,0.3,0.785,0.618,0.618,0.785,0.618,0.875,0.528,0.635,0.392,0.882,0.882,0.511,0.482,0.125,1.0,1.0,0.618
pval,1,0.303,0.303,0.255,0.94,0.945,0.941,0.923,0.734,0.556,0.762,0.923,0.793,0.593,0.544,0.324,0.324,0.544,0.324,0.923,0.762,0.286,0.937,0.945,0.945,0.793,0.238,0.077,1.0,1.0,0.324
pval,2,0.454,0.454,0.331,0.939,0.548,0.492,0.656,0.579,0.671,0.642,0.651,0.824,0.553,0.684,0.467,0.467,0.684,0.467,0.651,0.642,0.342,0.94,0.548,0.548,0.824,0.358,0.349,1.0,1.0,0.467
pval,3,0.743,0.743,0.785,0.505,0.741,0.72,0.96,0.396,0.585,0.481,0.959,0.517,0.286,0.596,0.745,0.745,0.596,0.745,0.959,0.481,0.786,0.556,0.741,0.741,0.517,0.519,0.041,1.0,1.0,0.745
pval,fisher_combined,0.6974863220156862,0.6974863220156862,0.6056811049546381,0.922390475888881,0.9755498889004146,0.9628540150700102,0.9948993665919056,0.8474250946151366,0.8987564077107807,0.8413706881040807,0.9946682278686684,0.898160463494617,0.5214576663118893,0.8994704837119244,0.7219958406165892,0.7219958406165892,0.8994704837119244,0.7219958406165892,0.9946682278686684,0.8413706881040807,0.64283252376629,0.9140840362642662,0.9754686945075194,0.9754686945075194,0.898160463494617,0.46364002913300995,0.02293354910654561,1.0,1.0,0.7219958406165892
