,fold,PQD,PQD(class),EPPV,ENPV,DPM(Positive),DPM(Negative),EOM(Positive),EOM(Negative),AUCRatio,EOpp0,EOpp1,EBAcc,EOdd,AUCDiff,TOTALACCDIF,ACCDIF,AUC_diff,ACC_diff,TPR_diff,TNR_diff,PPV_diff,NPV_diff,PR_diff,NR_diff,BAcc_diff,FPR_diff,FNR_diff,OverAllAcc_diff,OverAllAUC_diff,TOTALACC_diff
pval,0,0.602,0.602,0.613,0.4756980351602896,0.853,0.838,0.878,0.7611168562564633,0.767,0.509,0.878,0.483,0.288,0.762,0.608,0.608,0.762,0.608,0.878,0.509,0.623,0.38,0.853,0.853,0.483,0.499,0.122,1.0,1.0,0.608
pval,1,0.306,0.306,0.256,0.925,0.875,0.864,0.982,0.663,0.575,0.712,0.982,0.725,0.517,0.574,0.323,0.323,0.574,0.323,0.982,0.712,0.277,0.922,0.876,0.876,0.725,0.288,0.018,1.0,1.0,0.323
pval,2,0.504,0.504,0.327,0.942,0.454,0.38,0.597,0.496,0.676,0.587,0.596,0.833,0.541,0.682,0.511,0.511,0.682,0.511,0.596,0.587,0.345,0.942,0.454,0.454,0.833,0.413,0.404,1.0,1.0,0.511
pval,3,0.767,0.767,0.765,0.514,0.655,0.631,0.943,0.395,0.63,0.474,0.944,0.539,0.296,0.639,0.768,0.768,0.639,0.768,0.944,0.474,0.772,0.585,0.655,0.655,0.539,0.526,0.056,1.0,1.0,0.768
pval,fisher_combined,0.7268099365890601,0.7268099365890601,0.5941502760424164,0.9284236761807778,0.9336899148560763,0.8990416547335326,0.9935747948775893,0.7964952201753681,0.9109171309031114,0.800512399746977,0.9935559412932589,0.8831119493889478,0.48661565833945675,0.9130622685497992,0.7440206446396733,0.7440206446396733,0.9130622685497992,0.7440206446396733,0.9935559412932589,0.800512399746977,0.6293309176989406,0.9149077574747096,0.9338339519103411,0.9338339519103411,0.8831119493889478,0.5438338716931391,0.011040043783156012,1.0,1.0,0.7440206446396733
