,fold,PQD,PQD(class),EPPV,ENPV,DPM(Positive),DPM(Negative),EOM(Positive),EOM(Negative),AUCRatio,EOpp0,EOpp1,EBAcc,EOdd,AUCDiff,TOTALACCDIF,ACCDIF,AUC_diff,ACC_diff,TPR_diff,TNR_diff,PPV_diff,NPV_diff,PR_diff,NR_diff,BAcc_diff,FPR_diff,FNR_diff,OverAllAcc_diff,OverAllAUC_diff,TOTALACC_diff
pval,0,0.306,0.306,0.822,0.335,0.06,0.165,0.76,0.305,0.468,0.257,0.755,0.269,0.145,0.443,0.284,0.284,0.443,0.284,0.755,0.257,0.823,0.298,0.089,0.089,0.269,0.743,0.245,1.0,1.0,0.284
pval,1,0.949,0.949,0.511,0.67,0.33,0.398,0.687,0.721,0.481,0.711,0.695,0.962,0.507,0.465,0.949,0.949,0.465,0.949,0.695,0.711,0.532,0.658,0.362,0.362,0.962,0.289,0.305,1.0,1.0,0.949
pval,2,0.488,0.488,0.007,0.24,0.242,0.32,0.715,0.879,0.22,0.879,0.72,0.716,0.625,0.201,0.506,0.506,0.201,0.506,0.72,0.879,0.01,0.212,0.278,0.278,0.716,0.121,0.28,1.0,1.0,0.506
pval,3,0.207,0.207,0.002,0.258,0.677,0.688,0.86,0.407,0.427,0.436,0.863,0.507,0.232,0.407,0.226,0.226,0.407,0.226,0.863,0.436,0.003,0.231,0.681,0.681,0.507,0.564,0.137,1.0,1.0,0.226
pval,fisher_combined,0.5303895478192953,0.5303895478192953,0.0022154532386062064,0.3814821334395488,0.17687254472350616,0.38867767498395334,0.9715049114674142,0.748459802434567,0.4620410223610558,0.7231436502043339,0.9727003174043075,0.7859841509110397,0.33537804544950905,0.41736858012972233,0.5410483058308131,0.5410483058308131,0.41736858012972233,0.5410483058308131,0.9727003174043075,0.7231436502043339,0.0040994339388738124,0.3183103694039797,0.2513279665188925,0.2513279665188925,0.7859841509110397,0.39114873501896247,0.1646501366610598,1.0,1.0,0.5410483058308131
