,fold,PQD,PQD(class),EPPV,ENPV,DPM(Positive),DPM(Negative),EOM(Positive),EOM(Negative),AUCRatio,EOpp0,EOpp1,EBAcc,EOdd,AUCDiff,TOTALACCDIF,ACCDIF,AUC_diff,ACC_diff,TPR_diff,TNR_diff,PPV_diff,NPV_diff,PR_diff,NR_diff,BAcc_diff,FPR_diff,FNR_diff,OverAllAcc_diff,OverAllAUC_diff,TOTALACC_diff
pval,0,0.358,0.358,0.858,0.343,0.039,0.152,0.788,0.286,0.498,0.241,0.781,0.281,0.145,0.476,0.332,0.332,0.476,0.332,0.781,0.241,0.858,0.295,0.07,0.07,0.281,0.759,0.219,1.0,1.0,0.332
pval,1,0.966,0.966,0.502,0.73,0.268,0.339,0.657,0.657,0.517,0.637,0.666,0.949,0.499,0.5,0.966,0.966,0.5,0.966,0.666,0.637,0.535,0.716,0.307,0.307,0.949,0.363,0.334,1.0,1.0,0.966
pval,2,0.525,0.525,0.009,0.247,0.225,0.311,0.691,0.902,0.218,0.902,0.692,0.715,0.646,0.198,0.54,0.54,0.198,0.54,0.692,0.902,0.014,0.216,0.264,0.264,0.715,0.098,0.308,1.0,1.0,0.54
pval,3,0.188,0.188,0.004,0.248,0.695,0.709,0.833,0.398,0.383,0.415,0.833,0.47,0.238,0.358,0.215,0.215,0.358,0.215,0.833,0.415,0.006,0.219,0.703,0.703,0.47,0.585,0.167,1.0,1.0,0.215
pval,fisher_combined,0.5632858409019363,0.5632858409019363,0.004647904808226006,0.39959617207630393,0.11772905123589854,0.3461076831612426,0.9652984573905938,0.7149124181365181,0.4653669344697914,0.6793305155123598,0.9658361615877779,0.7761601873096601,0.34253034229514256,0.41757908446350955,0.5824344081273988,0.5824344081273988,0.41757908446350955,0.5824344081273988,0.9658361615877779,0.6793305155123598,0.009168347048532116,0.3247263836399349,0.19895255044697788,0.19895255044697788,0.7761601873096601,0.40509611540097823,0.19250077419203604,1.0,1.0,0.5824344081273988
