,fold,PQD,PQD(class),EPPV,ENPV,DPM(Positive),DPM(Negative),EOM(Positive),EOM(Negative),AUCRatio,EOpp0,EOpp1,EBAcc,EOdd,AUCDiff,TOTALACCDIF,ACCDIF,AUC_diff,ACC_diff,TPR_diff,TNR_diff,PPV_diff,NPV_diff,PR_diff,NR_diff,BAcc_diff,FPR_diff,FNR_diff,OverAllAcc_diff,OverAllAUC_diff,TOTALACC_diff
pval,0,0.671,0.671,0.088,0.786,0.96,0.946,0.969,0.462,0.801,0.462,0.964,0.91,0.032,0.8,0.668,0.668,0.8,0.668,0.964,0.462,0.088,0.781,0.953,0.953,0.91,0.538,0.036,1.0,1.0,0.668
pval,1,0.875,0.875,0.9,0.626,0.99,0.981,0.967,0.289,0.659,0.292,0.967,0.963,0.02,0.654,0.875,0.875,0.654,0.875,0.967,0.292,0.896,0.623,0.984,0.984,0.963,0.708,0.033,1.0,1.0,0.875
pval,2,0.937,0.937,0.978,0.798,0.988,0.986,0.997,0.4,0.858,0.398,0.996,0.985,0.003,0.855,0.938,0.938,0.855,0.938,0.996,0.398,0.977,0.792,0.989,0.989,0.985,0.602,0.004,1.0,1.0,0.938
pval,3,0.874,0.874,0.982,0.225,0.993,0.993,0.927,0.468,0.818,0.466,0.92,0.925,0.083,0.814,0.868,0.868,0.814,0.868,0.92,0.466,0.981,0.225,0.993,0.993,0.925,0.534,0.08,1.0,1.0,0.868
pval,fisher_combined,0.9932813329601231,0.9932813329601231,0.7411726533846221,0.773164943132266,0.9999990556280945,0.9999967464383355,0.9999840920757925,0.4964313225558987,0.9814398366364288,0.49664716577823687,0.9999773267431381,0.9999106098430245,0.0001240207960612882,0.9803775428938332,0.9929519508516033,0.9929519508516033,0.9803775428938332,0.9929519508516033,0.9999773267431381,0.49664716577823687,0.7397638562667894,0.7692156095182838,0.9999982053420974,0.9999982053420974,0.9999106098430245,0.8386305293641795,0.0002522170362382007,1.0,1.0,0.9929519508516033
