,fold,PQD,PQD(class),EPPV,ENPV,DPM(Positive),DPM(Negative),EOM(Positive),EOM(Negative),AUCRatio,EOpp0,EOpp1,EBAcc,EOdd,AUCDiff,TOTALACCDIF,ACCDIF,AUC_diff,ACC_diff,TPR_diff,TNR_diff,PPV_diff,NPV_diff,PR_diff,NR_diff,BAcc_diff,FPR_diff,FNR_diff,OverAllAcc_diff,OverAllAUC_diff,TOTALACC_diff
pval,0,0.337,0.337,0.912,0.214,0.043,0.057,0.031,0.538,0.199,0.538,0.036,0.09,0.968,0.2,0.34,0.34,0.2,0.34,0.036,0.538,0.912,0.219,0.05,0.05,0.09,0.462,0.964,1.0,1.0,0.34
pval,1,0.128,0.128,0.1,0.374,0.01,0.019,0.033,0.711,0.341,0.708,0.033,0.037,0.98,0.346,0.128,0.128,0.346,0.128,0.033,0.708,0.104,0.377,0.016,0.016,0.037,0.292,0.967,1.0,1.0,0.128
pval,2,0.065,0.065,0.022,0.202,0.012,0.014,0.003,0.6,0.142,0.602,0.004,0.015,0.997,0.145,0.064,0.064,0.145,0.064,0.004,0.602,0.023,0.208,0.011,0.011,0.015,0.398,0.996,1.0,1.0,0.064
pval,3,0.128,0.128,0.018,0.775,0.007,0.007,0.073,0.532,0.182,0.534,0.08,0.075,0.917,0.186,0.134,0.134,0.186,0.134,0.08,0.534,0.019,0.775,0.007,0.007,0.075,0.466,0.92,1.0,1.0,0.134
pval,fisher_combined,0.04435393039615198,0.04435393039615198,0.008736742768965614,0.3630048552228438,3.625253703529797e-05,8.874792878748999e-05,0.00016395094555736887,0.8380911616300923,0.12289548940585715,0.8386305293641795,0.0002522170362382007,0.0015609330014954824,0.999984716809885,0.12761977794862828,0.04553769795277616,0.04553769795277616,0.12761977794862828,0.04553769795277616,0.0002522170362382007,0.8386305293641795,0.009668579756652147,0.3736933891466474,5.655910756739691e-05,5.655910756739691e-05,0.0015609330014954824,0.49664716577823687,0.9999773267431381,1.0,1.0,0.04553769795277616
