,fold,PQD,PQD(class),EPPV,ENPV,DPM(Positive),DPM(Negative),EOM(Positive),EOM(Negative),AUCRatio,EOpp0,avgEOpp,EOpp1,EBAcc,EOdd,AUCDiff,TOTALACCDIF,ACCDIF,FAT_EO,FAT_ED,FAUCT_EO,FAUCT_ED,AUC_diff,ACC_diff,TPR_diff,TNR_diff,PPV_diff,NPV_diff,PR_diff,NR_diff,BAcc_diff,FPR_diff,FNR_diff,OverAllAcc_diff,OverAllAUC_diff,TOTALACC_diff
pval,0,0.137,0.137,0.552,0.068,0.024,0.119,0.002,0.516,0.729,0.516,0.002,0.002,0.002,0.998,0.729,0.137,0.137,0.004,0.998,0.002,0.998,0.729,0.137,0.002,0.516,0.552,0.068,0.065,0.066,0.002,0.491,0.998,1.0,1.0,0.137
pval,1,0.873,0.873,0.397,0.07,0.625,0.65,0.06,0.347,0.648,0.344,0.071,0.063,0.227,0.951,0.648,0.873,0.873,0.09,0.951,0.073,0.95,0.648,0.873,0.063,0.344,0.387,0.07,0.644,0.644,0.227,0.659,0.937,1.0,1.0,0.873
pval,2,0.752,0.752,0.257,0.108,0.952,0.944,0.136,0.24,0.56,0.236,0.124,0.134,0.819,0.917,0.56,0.752,0.752,0.152,0.92,0.128,0.918,0.56,0.752,0.134,0.236,0.241,0.11,0.953,0.954,0.819,0.764,0.866,1.0,1.0,0.752
pval,3,0.508,0.508,0.198,0.126,0.747,0.734,0.257,0.183,0.421,0.171,0.171,0.26,0.861,0.896,0.417,0.506,0.506,0.202,0.9,0.184,0.896,0.417,0.506,0.26,0.171,0.177,0.126,0.737,0.737,0.861,0.83,0.741,1.0,1.0,0.506
pval,fisher_combined,0.627997412645189,0.627997412645189,0.3429385585553756,0.013387168285600635,0.33549485458178335,0.663740950412069,0.0017045795900249776,0.2873921371313306,0.8203568846574611,0.2737254141701713,0.0013157729640128036,0.0017661187657996974,0.04106135415968215,0.9998692363377321,0.8184798869434728,0.6271147321779771,0.6271147321779771,0.0035956073884240236,0.9998840247442925,0.0014598910166598912,0.9998693119792688,0.8184798869434728,0.6271147321779771,0.0017661187657996974,0.2737254141701713,0.3099824355107731,0.013566008922528723,0.530875388504138,0.534386709650431,0.04106135415968215,0.9233953150655827,0.9981095344139473,1.0,1.0,0.6271147321779771
