,fold,PQD,PQD(class),EPPV,ENPV,DPM(Positive),DPM(Negative),EOM(Positive),EOM(Negative),AUCRatio,EOpp0,EOpp1,EBAcc,EOdd,AUCDiff,TOTALACCDIF,ACCDIF,AUC_diff,ACC_diff,TPR_diff,TNR_diff,PPV_diff,NPV_diff,PR_diff,NR_diff,BAcc_diff,FPR_diff,FNR_diff,OverAllAcc_diff,OverAllAUC_diff,TOTALACC_diff
pval,0,0.952,0.952,0.489,0.898,0.973,0.863,0.996,0.554,0.296,0.554,0.996,0.994,0.005,0.296,0.952,0.952,0.296,0.952,0.996,0.554,0.489,0.898,0.923,0.923,0.994,0.465,0.004,1.0,1.0,0.952
pval,1,0.882,0.882,0.497,0.929,0.236,0.231,0.927,0.517,0.328,0.517,0.923,0.921,0.064,0.328,0.882,0.882,0.328,0.882,0.923,0.517,0.497,0.93,0.234,0.234,0.921,0.494,0.077,1.0,1.0,0.882
pval,2,0.183,0.183,0.544,0.92,0.135,0.139,0.869,0.589,0.447,0.592,0.87,0.559,0.144,0.447,0.191,0.191,0.447,0.191,0.87,0.592,0.552,0.919,0.136,0.14,0.559,0.408,0.13,1.0,1.0,0.191
pval,3,0.383,0.383,0.745,0.825,0.371,0.396,0.56,0.734,0.657,0.734,0.545,0.01,0.675,0.658,0.383,0.383,0.658,0.383,0.545,0.734,0.75,0.824,0.385,0.385,0.01,0.267,0.455,1.0,1.0,0.383
pval,fisher_combined,0.6846446438714193,0.6846446438714193,0.7957317108797504,0.9987356544175853,0.34817943492777054,0.3402248862168731,0.9909185936890229,0.840739938738028,0.5242977043965247,0.8416945350460621,0.9897067225198387,0.2285115967366255,0.007823616768763456,0.5246231237125362,0.694171330742592,0.694171330742592,0.5246231237125362,0.694171330742592,0.9897067225198387,0.8416945350460621,0.8000689434567541,0.9987232793648053,0.34531269706607576,0.35025599742901997,0.2285115967366255,0.4966748674758271,0.0052482540693688014,1.0,1.0,0.694171330742592
