,fold,PQD,PQD(class),EPPV,ENPV,DPM(Positive),DPM(Negative),EOM(Positive),EOM(Negative),AUCRatio,EOpp0,EOpp1,EBAcc,EOdd,AUCDiff,TOTALACCDIF,ACCDIF,AUC_diff,ACC_diff,TPR_diff,TNR_diff,PPV_diff,NPV_diff,PR_diff,NR_diff,BAcc_diff,FPR_diff,FNR_diff,OverAllAcc_diff,OverAllAUC_diff,TOTALACC_diff
pval,0,0.081,0.081,0.536,0.102,0.034,0.147,0.004,0.465,0.705,0.465,0.004,0.006,0.995,0.705,0.081,0.081,0.705,0.081,0.004,0.465,0.536,0.102,0.088,0.088,0.006,0.554,0.996,1.0,1.0,0.081
pval,1,0.161,0.161,0.515,0.071,0.775,0.777,0.073,0.494,0.672,0.494,0.077,0.079,0.936,0.672,0.161,0.161,0.672,0.161,0.077,0.494,0.515,0.07,0.774,0.774,0.079,0.517,0.923,1.0,1.0,0.161
pval,2,0.867,0.867,0.458,0.081,0.871,0.867,0.131,0.412,0.553,0.408,0.13,0.441,0.856,0.553,0.859,0.859,0.553,0.859,0.13,0.408,0.45,0.082,0.872,0.872,0.441,0.592,0.87,1.0,1.0,0.859
pval,3,0.65,0.65,0.255,0.175,0.631,0.606,0.44,0.267,0.343,0.267,0.455,0.99,0.325,0.342,0.65,0.65,0.342,0.65,0.455,0.267,0.25,0.176,0.617,0.617,0.99,0.734,0.545,1.0,1.0,0.65
pval,fisher_combined,0.2774288147204835,0.2774288147204835,0.5508114235091173,0.01862879423504675,0.3889826468777946,0.6889927887717154,0.004944493388471893,0.498717650385616,0.7767398505931329,0.4966748674758271,0.0052482540693688014,0.030463725503347087,0.9516916771824703,0.7761279381329094,0.27608459037900657,0.27608459037900657,0.7761279381329094,0.27608459037900657,0.0052482540693688014,0.4966748674758271,0.5426840636087776,0.018679004146281934,0.5789128584758892,0.5789128584758892,0.030463725503347087,0.8416945350460621,0.9897067225198387,1.0,1.0,0.27608459037900657
