,fold,PQD,PQD(class),EPPV,ENPV,DPM(Positive),DPM(Negative),EOM(Positive),EOM(Negative),AUCRatio,EOpp0,EOpp1,EBAcc,EOdd,AUCDiff,TOTALACCDIF,ACCDIF,AUC_diff,ACC_diff,TPR_diff,TNR_diff,PPV_diff,NPV_diff,PR_diff,NR_diff,BAcc_diff,FPR_diff,FNR_diff,OverAllAcc_diff,OverAllAUC_diff,TOTALACC_diff
pval,0,0.357,0.357,0.085,1.0,0.263,0.2,0.338,0.593,0.599,0.434,0.311,0.754,0.573,0.624,0.409,0.409,0.624,0.409,0.311,0.434,0.134,1.0,0.243,0.236,0.754,0.567,0.689,1.0,1.0,0.409
pval,1,0.127,0.127,0.056,0.945,0.973,0.973,0.738,0.547,0.176,0.641,0.736,0.64,0.567,0.27,0.168,0.168,0.27,0.168,0.736,0.641,0.079,0.946,0.973,0.973,0.64,0.359,0.265,1.0,1.0,0.168
pval,2,0.026,0.026,0.01,0.653,0.544,0.582,0.501,0.82,0.971,0.825,0.512,0.675,0.78,0.969,0.031,0.031,0.969,0.031,0.512,0.825,0.009,0.615,0.558,0.558,0.675,0.175,0.488,1.0,1.0,0.031
pval,3,0.097,0.097,0.042,0.751,0.838,0.842,0.873,0.705,0.612,0.725,0.873,0.688,0.598,0.615,0.116,0.116,0.615,0.116,0.873,0.725,0.053,0.737,0.841,0.841,0.688,0.275,0.127,1.0,1.0,0.116
pval,fisher_combined,0.020111203586808478,0.020111203586808478,0.0009533478515568054,0.9920552107657741,0.8293792915639516,0.7890920277103335,0.8162980212709309,0.9106791868149218,0.698556297284449,0.8923509603825357,0.8034536664385166,0.9349011991443616,0.8769350057192241,0.7996393629200479,0.03441821144020132,0.03441821144020132,0.7996393629200479,0.03441821144020132,0.8034536664385166,0.8923509603825357,0.0019689599060257797,0.9890078252536588,0.8196227385207578,0.8138477349623767,0.9349011991443616,0.3215208778758148,0.3454187859921284,1.0,1.0,0.03441821144020132
