,fold,PQD,PQD(class),EPPV,ENPV,DPM(Positive),DPM(Negative),EOM(Positive),EOM(Negative),AUCRatio,EOpp0,EOpp1,EBAcc,EOdd,AUCDiff,TOTALACCDIF,ACCDIF,AUC_diff,ACC_diff,TPR_diff,TNR_diff,PPV_diff,NPV_diff,PR_diff,NR_diff,BAcc_diff,FPR_diff,FNR_diff,OverAllAcc_diff,OverAllAUC_diff,TOTALACC_diff
pval,0,0.293,0.293,0.068,1.0,0.257,0.217,0.33,0.557,0.58,0.43,0.297,0.741,0.568,0.609,0.347,0.347,0.609,0.347,0.297,0.43,0.109,1.0,0.222,0.222,0.741,0.574,0.703,1.0,1.0,0.347
pval,1,0.096,0.096,0.054,0.926,0.963,0.963,0.764,0.524,0.168,0.609,0.765,0.589,0.55,0.245,0.127,0.127,0.245,0.127,0.765,0.609,0.072,0.925,0.963,0.963,0.589,0.391,0.235,1.0,1.0,0.127
pval,2,0.014,0.014,0.001,0.65,0.547,0.598,0.495,0.786,0.994,0.802,0.512,0.651,0.777,0.994,0.018,0.018,0.994,0.018,0.512,0.802,0.002,0.624,0.557,0.557,0.651,0.198,0.488,1.0,1.0,0.018
pval,3,0.096,0.096,0.04,0.775,0.868,0.865,0.864,0.653,0.62,0.677,0.864,0.661,0.547,0.637,0.11,0.11,0.637,0.11,0.864,0.677,0.049,0.76,0.865,0.865,0.661,0.323,0.136,1.0,1.0,0.11
pval,fisher_combined,0.009035951956416134,0.009035951956416134,0.00011598316989339345,0.9922829061855128,0.8307780964975604,0.814463938613796,0.8139717361119987,0.8749704866641302,0.6891390612331596,0.865919013283216,0.7998519285822147,0.910905500552062,0.8536619784945966,0.7871569374507962,0.016588703632463273,0.016588703632463273,0.7871569374507962,0.016588703632463273,0.7998519285822147,0.865919013283216,0.0004454631661862735,0.9899691634297969,0.8048143948758609,0.8048143948758609,0.910905500552062,0.3873505310964398,0.3400891653360483,1.0,1.0,0.016588703632463273
