,fold,PQD,PQD(class),EPPV,ENPV,DPM(Positive),DPM(Negative),EOM(Positive),EOM(Negative),AUCRatio,EOpp0,EOpp1,EBAcc,EOdd,AUCDiff,TOTALACCDIF,ACCDIF,AUC_diff,ACC_diff,TPR_diff,TNR_diff,PPV_diff,NPV_diff,PR_diff,NR_diff,BAcc_diff,FPR_diff,FNR_diff,OverAllAcc_diff,OverAllAUC_diff,TOTALACC_diff
pval,0,0.909,0.909,0.182,0.324,0.204,0.27,0.348,0.443,0.448,0.411,0.385,0.949,0.535,0.47,0.904,0.904,0.47,0.904,0.385,0.411,0.235,0.301,0.238,0.238,0.949,0.589,0.615,1.0,1.0,0.904
pval,1,0.175,0.175,0.466,0.045,0.28,0.325,0.901,0.226,0.868,0.2,0.901,0.367,0.089,0.868,0.143,0.143,0.868,0.143,0.901,0.2,0.492,0.024,0.303,0.303,0.367,0.8,0.099,1.0,1.0,0.143
pval,2,0.087,0.087,0.555,0.026,0.368,0.392,0.844,0.263,0.987,0.242,0.841,0.341,0.123,0.987,0.073,0.073,0.987,0.073,0.841,0.242,0.565,0.014,0.382,0.382,0.341,0.758,0.159,1.0,1.0,0.073
pval,3,0.135,0.135,0.458,0.019,0.163,0.194,0.988,0.125,0.983,0.105,0.987,0.283,0.043,0.981,0.125,0.125,0.981,0.125,0.987,0.105,0.469,0.011,0.18,0.18,0.283,0.895,0.013,1.0,1.0,0.125
pval,fisher_combined,0.12770295468711934,0.12770295468711934,0.4659465678634236,0.002590424192460792,0.1825117162998923,0.2636733648115151,0.9526531989536446,0.17835595676081153,0.9825206718800253,0.1365671608575557,0.9621946276057506,0.5599052668219404,0.0348700093268813,0.985067614112141,0.09621175425438117,0.09621175425438117,0.985067614112141,0.09621175425438117,0.9621946276057506,0.1365671608575557,0.539758635375594,0.0005986017754971039,0.2245883271080675,0.2245883271080675,0.5599052668219404,0.9711644864585585,0.02152191572509016,1.0,1.0,0.09621175425438117
