,fold,PQD,PQD(class),EPPV,ENPV,DPM(Positive),DPM(Negative),EOM(Positive),EOM(Negative),AUCRatio,EOpp0,EOpp1,EBAcc,EOdd,AUCDiff,TOTALACCDIF,ACCDIF,AUC_diff,ACC_diff,TPR_diff,TNR_diff,PPV_diff,NPV_diff,PR_diff,NR_diff,BAcc_diff,FPR_diff,FNR_diff,OverAllAcc_diff,OverAllAUC_diff,TOTALACC_diff
pval,0,0.926,0.926,0.18,0.346,0.213,0.272,0.337,0.462,0.435,0.431,0.374,0.95,0.573,0.463,0.923,0.923,0.463,0.923,0.374,0.431,0.228,0.312,0.247,0.247,0.95,0.569,0.626,1.0,1.0,0.923
pval,1,0.153,0.153,0.459,0.04,0.257,0.31,0.906,0.229,0.855,0.222,0.904,0.323,0.11,0.852,0.134,0.134,0.852,0.134,0.904,0.222,0.483,0.025,0.291,0.291,0.323,0.778,0.096,1.0,1.0,0.134
pval,2,0.11,0.11,0.576,0.033,0.372,0.402,0.861,0.272,0.993,0.257,0.86,0.341,0.125,0.993,0.097,0.097,0.993,0.097,0.86,0.257,0.593,0.021,0.385,0.385,0.341,0.743,0.14,1.0,1.0,0.097
pval,3,0.14,0.14,0.459,0.026,0.142,0.17,0.985,0.134,0.974,0.105,0.982,0.261,0.032,0.972,0.113,0.113,0.972,0.113,0.982,0.105,0.468,0.013,0.157,0.157,0.261,0.895,0.018,1.0,1.0,0.113
pval,fisher_combined,0.1401766953775085,0.1401766953775085,0.4686164816029591,0.0037971519035940493,0.16549069893224078,0.243754659179824,0.9516283174958203,0.1952025269789504,0.9796055218061543,0.1548820501423198,0.9614119469386586,0.5151090467061339,0.03489696396826145,0.9830476896528163,0.1049261229337405,0.1049261229337405,0.9830476896528163,0.1049261229337405,0.9614119469386586,0.1548820501423198,0.5392251337316118,0.0010020299506517773,0.20872910302264386,0.20872910302264386,0.5151090467061339,0.9642109552255704,0.024514075742922813,1.0,1.0,0.1049261229337405
