,fold,PQD,PQD(class),EPPV,ENPV,DPM(Positive),DPM(Negative),EOM(Positive),EOM(Negative),AUCRatio,EOpp0,EOpp1,EBAcc,EOdd,AUCDiff,TOTALACCDIF,ACCDIF,AUC_diff,ACC_diff,TPR_diff,TNR_diff,PPV_diff,NPV_diff,PR_diff,NR_diff,BAcc_diff,FPR_diff,FNR_diff,OverAllAcc_diff,OverAllAUC_diff,TOTALACC_diff
pval,0,0.948,0.948,0.959,1.0,0.945,0.937,0.674,0.318,0.878,0.317,0.697,0.707,0.218,0.889,0.958,0.958,0.889,0.958,0.697,0.317,0.955,1.0,0.944,0.944,0.707,0.683,0.303,1.0,1.0,0.958
pval,1,0.915,0.915,1.0,1.0,1.0,1.0,0.295,0.52,0.642,0.518,0.289,0.118,0.682,0.643,0.919,0.919,0.643,0.919,0.289,0.518,0.999,1.0,1.0,1.0,0.118,0.482,0.711,1.0,1.0,0.919
pval,2,0.147,0.147,1.0,1.0,1.0,0.999,0.849,0.505,0.002,0.502,0.841,0.374,0.19,0.002,0.148,0.148,0.002,0.148,0.841,0.502,1.0,1.0,1.0,1.0,0.374,0.498,0.159,1.0,1.0,0.148
pval,3,0.243,0.243,1.0,1.0,1.0,1.0,0.638,0.963,0.648,0.965,0.635,0.65,0.921,0.644,0.242,0.242,0.644,0.242,0.635,0.965,1.0,1.0,1.0,1.0,0.65,0.035,0.365,1.0,1.0,0.242
pval,fisher_combined,0.542199545756098,0.542199545756098,0.9999998762272121,1.0,0.9999995921426391,0.9999992467466391,0.8137358023505707,0.7531789015068896,0.07091343095120432,0.7508399677251261,0.8135025254664294,0.45363154624828694,0.5048458758263316,0.07127263120525165,0.5459963352137429,0.5459963352137429,0.07127263120525165,0.5459963352137429,0.8135025254664294,0.7508399677251261,0.9999998034423885,1.0,0.9999995611123258,0.9999995611123258,0.45363154624828694,0.24319715725129012,0.3626267971955432,1.0,1.0,0.5459963352137429
