,fold,PQD,PQD(class),EPPV,ENPV,DPM(Positive),DPM(Negative),EOM(Positive),EOM(Negative),AUCRatio,EOpp0,EOpp1,EBAcc,EOdd,AUCDiff,TOTALACCDIF,ACCDIF,AUC_diff,ACC_diff,TPR_diff,TNR_diff,PPV_diff,NPV_diff,PR_diff,NR_diff,BAcc_diff,FPR_diff,FNR_diff,OverAllAcc_diff,OverAllAUC_diff,TOTALACC_diff
pval,0,0.053,0.053,0.042,0.0,0.055,0.063,0.326,0.682,0.122,0.683,0.303,0.293,0.782,0.111,0.045,0.045,0.111,0.045,0.303,0.683,0.045,0.0,0.056,0.056,0.293,0.317,0.697,1.0,1.0,0.045
pval,1,0.086,0.086,0.0,0.0,0.0,0.0,0.705,0.48,0.358,0.482,0.711,0.882,0.318,0.357,0.082,0.082,0.357,0.082,0.711,0.482,0.001,0.0,0.0,0.0,0.882,0.518,0.289,1.0,1.0,0.082
pval,2,0.854,0.854,0.0,0.0,0.0,0.001,0.151,0.495,0.998,0.498,0.159,0.626,0.81,0.998,0.853,0.853,0.998,0.853,0.159,0.498,0.0,0.0,0.0,0.0,0.626,0.502,0.841,1.0,1.0,0.853
pval,3,0.758,0.758,0.0,0.0,0.0,0.0,0.362,0.037,0.352,0.035,0.365,0.35,0.079,0.356,0.759,0.759,0.356,0.759,0.365,0.035,0.0,0.0,0.0,0.0,0.35,0.965,0.635,1.0,1.0,0.759
pval,fisher_combined,0.16744177864073762,0.16744177864073762,0.0,0.0,0.0,0.0,0.3634711183814841,0.24902103368211045,0.3996607322134211,0.24319715725129012,0.3626267971955432,0.6760226829210519,0.406488741616512,0.38383066657393633,0.14794328195619494,0.14794328195619494,0.38383066657393633,0.14794328195619494,0.3626267971955432,0.24319715725129012,0.0,0.0,0.0,0.0,0.6760226829210519,0.7508399677251261,0.8135025254664294,1.0,1.0,0.14794328195619494
