,fold,PQD,PQD(class),EPPV,ENPV,DPM(Positive),DPM(Negative),EOM(Positive),EOM(Negative),AUCRatio,EOpp0,EOpp1,EBAcc,EOdd,AUCDiff,TOTALACCDIF,ACCDIF,AUC_diff,ACC_diff,TPR_diff,TNR_diff,PPV_diff,NPV_diff,PR_diff,NR_diff,BAcc_diff,FPR_diff,FNR_diff,OverAllAcc_diff,OverAllAUC_diff,TOTALACC_diff
pval,0,0.041,0.041,0.132,0.0,0.015,0.021,0.555,0.349,0.132,0.354,0.549,0.311,0.358,0.122,0.028,0.028,0.122,0.028,0.549,0.354,0.139,0.0,0.015,0.015,0.311,0.646,0.451,1.0,1.0,0.028
pval,1,0.037,0.037,0.003,0.0,0.0,0.001,0.518,0.216,0.374,0.215,0.522,0.814,0.238,0.37,0.036,0.036,0.37,0.036,0.522,0.215,0.006,0.0,0.0,0.0,0.814,0.785,0.478,1.0,1.0,0.036
pval,2,0.963,0.963,0.0,0.0,0.0,0.0,0.099,0.387,0.974,0.398,0.104,0.627,0.806,0.975,0.962,0.962,0.975,0.962,0.104,0.398,0.0,0.0,0.0,0.0,0.627,0.602,0.896,1.0,1.0,0.962
pval,3,0.957,0.957,0.0,0.0,0.0,0.0,0.322,0.02,0.352,0.02,0.325,0.3,0.055,0.359,0.957,0.957,0.359,0.957,0.325,0.02,0.0,0.0,0.0,0.0,0.3,0.98,0.675,1.0,1.0,0.957
pval,fisher_combined,0.10694551243908493,0.10694551243908493,0.0,0.0,0.0,0.0,0.31088032574531826,0.06125915133429871,0.41820563006262007,0.06278648493373275,0.3197053548274917,0.6372544219857714,0.19292822560313527,0.4051524799693426,0.0826833141014925,0.0826833141014925,0.4051524799693426,0.0826833141014925,0.3197053548274917,0.06278648493373275,0.0,0.0,0.0,0.0,0.6372544219857714,0.9656444837487088,0.8503326545910899,1.0,1.0,0.0826833141014925
