,fold,PQD,PQD(class),EPPV,ENPV,DPM(Positive),DPM(Negative),EOM(Positive),EOM(Negative),AUCRatio,EOpp0,EOpp1,EBAcc,EOdd,AUCDiff,TOTALACCDIF,ACCDIF,AUC_diff,ACC_diff,TPR_diff,TNR_diff,PPV_diff,NPV_diff,PR_diff,NR_diff,BAcc_diff,FPR_diff,FNR_diff,OverAllAcc_diff,OverAllAUC_diff,TOTALACC_diff
pval,0,0.049,0.049,0.066,0.0,0.049,0.062,0.352,0.699,0.101,0.696,0.328,0.315,0.763,0.089,0.042,0.042,0.089,0.042,0.328,0.696,0.073,0.0,0.056,0.056,0.315,0.304,0.672,1.0,1.0,0.042
pval,1,0.068,0.068,0.0,0.0,0.0,0.0,0.692,0.454,0.39,0.456,0.695,0.874,0.308,0.386,0.066,0.066,0.386,0.066,0.695,0.456,0.0,0.0,0.0,0.0,0.874,0.544,0.305,1.0,1.0,0.066
pval,2,0.858,0.858,0.0,0.0,0.0,0.0,0.143,0.518,0.998,0.526,0.154,0.62,0.824,0.998,0.861,0.861,0.998,0.861,0.154,0.526,0.0,0.0,0.0,0.0,0.62,0.474,0.846,1.0,1.0,0.861
pval,3,0.747,0.747,0.0,0.0,0.0,0.0,0.366,0.033,0.353,0.034,0.369,0.32,0.068,0.358,0.748,0.748,0.358,0.748,0.369,0.034,0.0,0.0,0.0,0.0,0.32,0.966,0.631,1.0,1.0,0.748
pval,fisher_combined,0.13839291668605863,0.13839291668605863,0.0,0.0,0.0,0.0,0.36605382642979956,0.23590256149045102,0.3812072574209201,0.24176998007136963,0.36887946237897107,0.6679843169057442,0.3717871284145257,0.359402261073142,0.12423144963668649,0.12423144963668649,0.359402261073142,0.12423144963668649,0.36887946237897107,0.24176998007136963,0.0,0.0,0.0,0.0,0.6679843169057442,0.7402002954811515,0.8168640386175343,1.0,1.0,0.12423144963668649
