,fold,PQD,PQD(class),EPPV,ENPV,DPM(Positive),DPM(Negative),EOM(Positive),EOM(Negative),AUCRatio,EOpp0,avgEOpp,EOpp1,EBAcc,EOdd,AUCDiff,TOTALACCDIF,ACCDIF,FAT_EO,FAT_ED,FAUCT_EO,FAUCT_ED,AUC_diff,ACC_diff,TPR_diff,TNR_diff,PPV_diff,NPV_diff,PR_diff,NR_diff,BAcc_diff,FPR_diff,FNR_diff,OverAllAcc_diff,OverAllAUC_diff,TOTALACC_diff
pval,0,0.239,0.239,0.4,0.014,0.084,0.164,0.002,0.354,0.083,0.351,0.002,0.002,0.006,0.998,0.083,0.239,0.239,0.001,0.998,0.002,0.998,0.083,0.239,0.002,0.351,0.395,0.013,0.14,0.14,0.006,0.653,0.998,1.0,1.0,0.239
pval,1,0.645,0.645,0.244,0.011,0.028,0.056,0.003,0.202,0.747,0.202,0.004,0.003,0.01,0.999,0.747,0.645,0.645,0.003,0.999,0.004,0.999,0.747,0.645,0.003,0.202,0.238,0.011,0.045,0.045,0.01,0.8,0.998,1.0,1.0,0.645
pval,2,0.285,0.285,0.081,0.303,0.003,0.009,0.028,0.741,0.272,0.742,0.049,0.029,0.033,0.938,0.272,0.283,0.283,0.078,0.94,0.052,0.939,0.272,0.283,0.029,0.742,0.087,0.303,0.005,0.005,0.033,0.258,0.971,1.0,1.0,0.283
pval,3,0.51,0.51,0.063,0.81,0.0,0.0,0.159,0.73,0.665,0.731,0.257,0.165,0.166,0.751,0.665,0.51,0.51,0.284,0.741,0.269,0.753,0.665,0.51,0.165,0.731,0.067,0.81,0.0,0.0,0.166,0.269,0.835,1.0,1.0,0.51
pval,fisher_combined,0.47381073700286924,0.47381073700286924,0.055195624368701846,0.009034577080309367,0.0,0.0,2.816179397067243e-05,0.5908727583504775,0.3438968755407093,0.5895881314046463,8.500981083709664e-05,2.9916553533072534e-05,0.00022409812805470992,0.9995095275499388,0.3438968755407093,0.47237055518836113,0.47237055518836113,6.023734645653451e-05,0.9994487985974321,9.271050395903127e-05,0.9995284989937396,0.3438968755407093,0.47237055518836113,2.9916553533072534e-05,0.5895881314046463,0.058786196518523015,0.008554275018436946,0.0,0.0,0.00022409812805470992,0.5765500730454076,0.9999266388238506,1.0,1.0,0.47237055518836113
