,fold,PQD,PQD(class),EPPV,ENPV,DPM(Positive),DPM(Negative),EOM(Positive),EOM(Negative),AUCRatio,EOpp0,avgEOpp,EOpp1,EBAcc,EOdd,AUCDiff,TOTALACCDIF,ACCDIF,FAT_EO,FAT_ED,FAUCT_EO,FAUCT_ED,AUC_diff,ACC_diff,TPR_diff,TNR_diff,PPV_diff,NPV_diff,PR_diff,NR_diff,BAcc_diff,FPR_diff,FNR_diff,OverAllAcc_diff,OverAllAUC_diff,TOTALACC_diff
pval,0,0.233,0.233,0.41,0.01,0.109,0.162,0.005,0.351,0.068,0.349,0.004,0.005,0.009,0.997,0.068,0.233,0.233,0.005,0.998,0.004,0.998,0.068,0.233,0.005,0.349,0.402,0.01,0.149,0.149,0.009,0.653,0.995,1.0,1.0,0.233
pval,1,0.656,0.656,0.276,0.012,0.031,0.063,0.003,0.215,0.736,0.212,0.001,0.003,0.011,0.999,0.736,0.656,0.656,0.002,0.999,0.001,0.999,0.736,0.656,0.003,0.212,0.272,0.012,0.056,0.056,0.011,0.789,0.997,1.0,1.0,0.656
pval,2,0.29,0.29,0.077,0.324,0.002,0.008,0.02,0.75,0.267,0.75,0.06,0.019,0.037,0.938,0.267,0.29,0.29,0.088,0.942,0.062,0.936,0.267,0.29,0.019,0.75,0.086,0.324,0.005,0.005,0.037,0.25,0.981,1.0,1.0,0.29
pval,3,0.485,0.485,0.075,0.786,0.0,0.0,0.179,0.758,0.623,0.758,0.279,0.185,0.162,0.711,0.623,0.485,0.485,0.312,0.711,0.283,0.711,0.623,0.485,0.185,0.758,0.078,0.787,0.0,0.0,0.162,0.242,0.815,1.0,1.0,0.485
pval,fisher_combined,0.4653783046404446,0.4653783046404446,0.06596735772189981,0.007721951949635182,0.0,0.0,5.0460041307998974e-05,0.6139254543730137,0.29597993200734696,0.6095149801537099,6.0616261239129115e-05,4.969652363788451e-05,0.0003615730711315394,0.9991567890937311,0.29597993200734696,0.4653783046404446,0.4653783046404446,0.00019356041449788546,0.9991959821087992,6.302804872650251e-05,0.9991481784019695,0.29597993200734696,0.4653783046404446,4.969652363788451e-05,0.6095149801537099,0.07109879940675416,0.007729230966133882,0.0,0.0,0.0003615730711315394,0.543492843286652,0.9999000491477671,1.0,1.0,0.4653783046404446
