,fold,PQD,PQD(class),EPPV,ENPV,DPM(Positive),DPM(Negative),EOM(Positive),EOM(Negative),AUCRatio,EOpp0,EOpp1,EBAcc,EOdd,AUCDiff,TOTALACCDIF,ACCDIF,AUC_diff,ACC_diff,TPR_diff,TNR_diff,PPV_diff,NPV_diff,PR_diff,NR_diff,BAcc_diff,FPR_diff,FNR_diff,OverAllAcc_diff,OverAllAUC_diff,TOTALACC_diff
pval,0,0.239,0.239,0.431,0.011,0.099,0.154,0.003,0.366,0.062,0.365,0.003,0.008,0.997,0.062,0.239,0.239,0.062,0.239,0.003,0.365,0.424,0.01,0.147,0.147,0.008,0.644,0.997,1.0,1.0,0.239
pval,1,0.673,0.673,0.262,0.019,0.023,0.059,0.009,0.233,0.758,0.231,0.008,0.016,0.989,0.758,0.673,0.673,0.758,0.673,0.008,0.231,0.255,0.019,0.044,0.044,0.016,0.77,0.992,1.0,1.0,0.673
pval,2,0.28,0.28,0.075,0.311,0.0,0.009,0.022,0.737,0.259,0.738,0.023,0.03,0.98,0.259,0.28,0.28,0.259,0.28,0.023,0.738,0.08,0.311,0.004,0.004,0.03,0.262,0.977,1.0,1.0,0.28
pval,3,0.477,0.477,0.058,0.807,0.0,0.001,0.193,0.714,0.675,0.714,0.203,0.197,0.847,0.676,0.477,0.477,0.676,0.477,0.203,0.714,0.057,0.807,0.001,0.001,0.197,0.286,0.797,1.0,1.0,0.477
pval,fisher_combined,0.4652334658806673,0.4652334658806673,0.054692721204731745,0.011485930389527662,0.0,7.153901613373571e-05,9.457736553783531e-05,0.6239724756016483,0.29397779527334744,0.6217362017646935,9.281436554447004e-05,0.0004395823726401077,0.9999428066375355,0.2942022782582554,0.4652334658806673,0.4652334658806673,0.2942022782582554,0.4652334658806673,9.281436554447004e-05,0.6217362017646935,0.054826503991359,0.010714180217676273,2.74173764717372e-05,2.74173764717372e-05,0.0004395823726401077,0.5819744715747073,0.9998424677289939,1.0,1.0,0.4652334658806673
