,fold,PQD,PQD(class),EPPV,ENPV,DPM(Positive),DPM(Negative),EOM(Positive),EOM(Negative),AUCRatio,EOpp0,EOpp1,EBAcc,EOdd,AUCDiff,TOTALACCDIF,ACCDIF,AUC_diff,ACC_diff,TPR_diff,TNR_diff,PPV_diff,NPV_diff,PR_diff,NR_diff,BAcc_diff,FPR_diff,FNR_diff,OverAllAcc_diff,OverAllAUC_diff,TOTALACC_diff
pval,0,0.238,0.238,0.442,0.013,0.097,0.153,0.002,0.357,0.08,0.357,0.002,0.006,0.997,0.08,0.238,0.238,0.08,0.238,0.002,0.357,0.437,0.013,0.143,0.143,0.006,0.649,0.998,1.0,1.0,0.238
pval,1,0.619,0.619,0.232,0.011,0.028,0.054,0.002,0.18,0.766,0.179,0.002,0.006,0.996,0.766,0.619,0.619,0.766,0.619,0.002,0.179,0.226,0.011,0.043,0.043,0.006,0.822,0.998,1.0,1.0,0.619
pval,2,0.293,0.293,0.078,0.335,0.003,0.007,0.036,0.764,0.305,0.763,0.036,0.042,0.977,0.304,0.293,0.293,0.304,0.293,0.036,0.763,0.081,0.335,0.002,0.002,0.042,0.237,0.964,1.0,1.0,0.293
pval,3,0.511,0.511,0.064,0.81,0.0,0.001,0.187,0.728,0.634,0.728,0.191,0.178,0.847,0.635,0.511,0.511,0.635,0.511,0.191,0.728,0.067,0.81,0.001,0.001,0.178,0.272,0.809,1.0,1.0,0.511
pval,fisher_combined,0.4706038412764758,0.4706038412764758,0.05620511735907793,0.009211091895662493,0.0,5.367038245571129e-05,2.8352560714206767e-05,0.5733986349050164,0.35330328719220744,0.5718836530745405,2.8859991617302837e-05,0.0001904368172406649,0.9999470582935072,0.3530090173504348,0.4706038412764758,0.4706038412764758,0.3530090173504348,0.4706038412764758,2.8859991617302837e-05,0.5718836530745405,0.05793536929300924,0.009211091895662493,1.4660926412333865e-05,1.4660926412333865e-05,0.0001904368172406649,0.564930016357012,0.9998612305595694,1.0,1.0,0.4706038412764758
