,fold,PQD,PQD(class),EPPV,ENPV,DPM(Positive),DPM(Negative),EOM(Positive),EOM(Negative),AUCRatio,EOpp0,EOpp1,EBAcc,EOdd,AUCDiff,TOTALACCDIF,ACCDIF,AUC_diff,ACC_diff,TPR_diff,TNR_diff,PPV_diff,NPV_diff,PR_diff,NR_diff,BAcc_diff,FPR_diff,FNR_diff,OverAllAcc_diff,OverAllAUC_diff,TOTALACC_diff
pval,0,0.121,0.121,0.031,0.449,0.654,0.741,0.545,0.177,0.029,0.18,0.55,0.277,0.341,0.029,0.121,0.121,0.029,0.121,0.55,0.18,0.031,0.45,0.707,0.707,0.277,0.82,0.475,1.0,1.0,0.121
pval,1,0.056,0.056,0.056,0.463,0.699,0.763,0.529,0.249,0.878,0.244,0.53,0.185,0.357,0.877,0.056,0.056,0.877,0.056,0.53,0.244,0.057,0.463,0.741,0.741,0.185,0.756,0.479,1.0,1.0,0.056
pval,2,0.719,0.719,0.607,0.038,0.877,0.926,0.198,0.921,0.872,0.918,0.198,0.275,0.945,0.872,0.714,0.714,0.872,0.714,0.198,0.918,0.593,0.038,0.92,0.92,0.275,0.082,0.803,1.0,1.0,0.714
pval,3,0.883,0.883,0.753,0.013,0.936,0.972,0.277,0.983,0.219,0.982,0.278,0.496,0.975,0.219,0.884,0.884,0.219,0.884,0.278,0.982,0.74,0.013,0.965,0.965,0.496,0.018,0.722,1.0,1.0,0.884
pval,fisher_combined,0.20758159821537864,0.20758159821537864,0.07479683693083677,0.018634065237080555,0.9822053899786943,0.9949135379497795,0.4052980960182734,0.5977702969550063,0.22218081882305607,0.5960461220380919,0.4080523122389766,0.27021538751002305,0.8217498885313138,0.2220413094450975,0.20690439914992215,0.20690439914992215,0.2220413094450975,0.20690439914992215,0.4080523122389766,0.5960461220380919,0.07369510059375739,0.018663581199208513,0.9921813988897318,0.9921813988897318,0.27021538751002305,0.08194364306616155,0.8524699791424721,1.0,1.0,0.20690439914992215
