,fold,PQD,PQD(class),EPPV,ENPV,DPM(Positive),DPM(Negative),EOM(Positive),EOM(Negative),AUCRatio,EOpp0,EOpp1,EBAcc,EOdd,AUCDiff,TOTALACCDIF,ACCDIF,AUC_diff,ACC_diff,TPR_diff,TNR_diff,PPV_diff,NPV_diff,PR_diff,NR_diff,BAcc_diff,FPR_diff,FNR_diff,OverAllAcc_diff,OverAllAUC_diff,TOTALACC_diff
pval,0,0.932,0.932,0.97,0.563,0.351,0.264,0.48,0.823,0.971,0.82,0.475,0.723,0.659,0.971,0.932,0.932,0.971,0.932,0.475,0.82,0.971,0.562,0.298,0.298,0.723,0.18,0.55,1.0,1.0,0.932
pval,1,1.0,1.0,0.944,0.54,0.303,0.238,0.48,0.751,0.122,0.756,0.479,0.815,0.643,0.123,1.0,1.0,0.123,1.0,0.479,0.756,0.943,0.54,0.261,0.261,0.815,0.244,0.53,1.0,1.0,1.0
pval,2,0.293,0.293,0.393,0.962,0.124,0.075,0.803,0.079,0.128,0.082,0.803,0.725,0.055,0.128,0.298,0.298,0.128,0.298,0.803,0.082,0.407,0.962,0.081,0.081,0.725,0.918,0.198,1.0,1.0,0.298
pval,3,0.124,0.124,0.247,0.987,0.065,0.029,0.723,0.017,0.781,0.018,0.722,0.504,0.025,0.781,0.123,0.123,0.781,0.123,0.722,0.018,0.26,0.987,0.036,0.036,0.504,0.982,0.278,1.0,1.0,0.123
pval,fisher_combined,0.5615343126416099,0.5615343126416099,0.7744480893114374,0.9624278688526403,0.07859849746226949,0.022808720102175255,0.8550088063652778,0.07699506252117666,0.3531970353604428,0.08194364306616155,0.8524699791424721,0.9298002971410821,0.06120175463769368,0.3546054256282195,0.5634675274321232,0.5634675274321232,0.3546054256282195,0.5634675274321232,0.8524699791424721,0.08194364306616155,0.7923720132400424,0.962263604659852,0.03245105508000511,0.03245105508000511,0.9298002971410821,0.5960461220380919,0.4080523122389766,1.0,1.0,0.5634675274321232
