,fold,PQD,PQD(class),EPPV,ENPV,DPM(Positive),DPM(Negative),EOM(Positive),EOM(Negative),AUCRatio,EOpp0,avgEOpp,EOpp1,EBAcc,EOdd,AUCDiff,TOTALACCDIF,ACCDIF,FAT_EO,FAT_ED,FAUCT_EO,FAUCT_ED,AUC_diff,ACC_diff,TPR_diff,TNR_diff,PPV_diff,NPV_diff,PR_diff,NR_diff,BAcc_diff,FPR_diff,FNR_diff,OverAllAcc_diff,OverAllAUC_diff,TOTALACC_diff
pval,0,0.594,0.594,0.855,1.0,0.317,0.235,1.0,0.484,0.07,0.488,0.488,1.0,0.488,0.512,0.07,0.594,0.594,0.474,0.519,0.499,0.52,0.07,0.594,1.0,0.488,0.86,1.0,0.262,0.264,0.488,0.512,1.0,1.0,1.0,0.594
pval,1,0.048,0.048,0.665,0.009,0.535,0.514,0.032,0.439,0.132,0.449,0.039,0.031,0.022,0.871,0.131,0.048,0.048,0.051,0.873,0.043,0.87,0.131,0.048,0.031,0.449,0.666,0.009,0.516,0.516,0.022,0.551,0.969,1.0,1.0,0.048
pval,2,0.009,0.009,0.367,0.002,0.317,0.276,0.014,0.134,0.011,0.137,0.011,0.012,0.01,0.87,0.011,0.009,0.009,0.016,0.88,0.012,0.875,0.011,0.009,0.012,0.137,0.378,0.002,0.286,0.286,0.01,0.863,0.988,1.0,1.0,0.009
pval,3,0.036,0.036,0.682,0.0,0.301,0.251,0.005,0.327,0.033,0.331,0.006,0.004,0.003,0.932,0.033,0.037,0.037,0.013,0.935,0.008,0.933,0.033,0.037,0.004,0.331,0.685,0.0,0.265,0.265,0.003,0.669,0.996,1.0,1.0,0.037
pval,fisher_combined,0.003135398630527921,0.003135398630527921,0.8660766834796675,0.0,0.40965763277009076,0.2967621502929371,0.0010428480279633745,0.31337607855994226,0.0014317763908928858,0.3238211923438906,0.0006594389101020923,0.0007545395246746889,0.00022043125834755346,0.9799372583173533,0.0014232863918180203,0.003201783508369573,0.003201783508369573,0.0019625072135231523,0.9818156975934573,0.0009761208984514696,0.9812518574691143,0.0014232863918180203,0.003201783508369573,0.0007545395246746889,0.3238211923438906,0.873247701852831,0.0,0.3288397170186067,0.33008967406126044,0.00022043125834755346,0.8889080068284999,0.999999794575178,1.0,1.0,0.003201783508369573
