,fold,PQD,PQD(class),EPPV,ENPV,DPM(Positive),DPM(Negative),EOM(Positive),EOM(Negative),AUCRatio,EOpp0,avgEOpp,EOpp1,EBAcc,EOdd,AUCDiff,TOTALACCDIF,ACCDIF,FAT_EO,FAT_ED,FAUCT_EO,FAUCT_ED,AUC_diff,ACC_diff,TPR_diff,TNR_diff,PPV_diff,NPV_diff,PR_diff,NR_diff,BAcc_diff,FPR_diff,FNR_diff,OverAllAcc_diff,OverAllAUC_diff,TOTALACC_diff
pval,0,0.597,0.597,0.866,1.0,0.313,0.239,1.0,0.464,0.075,0.474,0.474,1.0,0.474,0.526,0.075,0.597,0.597,0.479,0.544,0.475,0.526,0.075,0.597,1.0,0.474,0.867,1.0,0.263,0.266,0.474,0.526,1.0,1.0,1.0,0.597
pval,1,0.041,0.041,0.665,0.005,0.526,0.496,0.025,0.431,0.118,0.44,0.032,0.025,0.021,0.898,0.118,0.041,0.041,0.045,0.899,0.034,0.897,0.118,0.041,0.025,0.44,0.668,0.005,0.506,0.506,0.021,0.56,0.975,1.0,1.0,0.041
pval,2,0.018,0.018,0.331,0.001,0.296,0.256,0.009,0.11,0.011,0.119,0.005,0.007,0.005,0.909,0.011,0.018,0.018,0.007,0.901,0.006,0.911,0.011,0.018,0.007,0.119,0.346,0.001,0.268,0.268,0.005,0.881,0.993,1.0,1.0,0.018
pval,3,0.026,0.026,0.676,0.001,0.294,0.248,0.008,0.324,0.04,0.328,0.008,0.008,0.006,0.934,0.04,0.028,0.028,0.011,0.927,0.008,0.931,0.04,0.028,0.008,0.328,0.679,0.001,0.265,0.265,0.006,0.672,0.992,1.0,1.0,0.028
pval,fisher_combined,0.0036946852650571855,0.0036946852650571855,0.8481680532268261,6.833094896514569e-06,0.38701919706548493,0.28089943995461464,0.0008774324020038677,0.27300310016507073,0.0016087441533495373,0.2925795697544858,0.00036809769219639754,0.00071886724944803,0.00020727235768012151,0.9858522274783668,0.0016087441533495373,0.0039088272226132795,0.0039088272226132795,0.0008228323616929005,0.9867707130503961,0.00044829556521770687,0.9857431749874783,0.0016087441533495373,0.0039088272226132795,0.00071886724944803,0.2925795697544858,0.8580904267337931,6.833094896514569e-06,0.3157668766780606,0.3175803937559126,0.00020727235768012151,0.8997373260165751,0.9999998927978865,1.0,1.0,0.0039088272226132795
