,fold,PQD,PQD(class),EPPV,ENPV,DPM(Positive),DPM(Negative),EOM(Positive),EOM(Negative),AUCRatio,EOpp0,EOpp1,EBAcc,EOdd,AUCDiff,TOTALACCDIF,ACCDIF,AUC_diff,ACC_diff,TPR_diff,TNR_diff,PPV_diff,NPV_diff,PR_diff,NR_diff,BAcc_diff,FPR_diff,FNR_diff,OverAllAcc_diff,OverAllAUC_diff,TOTALACC_diff
pval,0,0.99,0.99,0.822,0.729,0.409,0.444,0.925,0.829,0.542,0.835,0.925,0.825,0.732,0.545,0.99,0.99,0.545,0.99,0.925,0.835,0.823,0.74,0.414,0.414,0.825,0.174,0.076,1.0,1.0,0.99
pval,1,0.186,0.186,0.846,0.078,0.769,0.774,0.189,0.787,0.32,0.788,0.182,0.385,0.913,0.318,0.186,0.186,0.318,0.186,0.182,0.788,0.846,0.063,0.772,0.772,0.385,0.212,0.818,1.0,1.0,0.186
pval,2,0.298,0.298,0.854,0.083,0.559,0.561,0.333,0.815,0.977,0.815,0.329,0.502,0.844,0.976,0.298,0.298,0.976,0.298,0.329,0.815,0.856,0.071,0.557,0.556,0.502,0.186,0.671,1.0,1.0,0.298
pval,3,0.332,0.332,0.255,0.052,0.545,0.552,0.201,0.562,0.672,0.57,0.197,0.953,0.75,0.672,0.325,0.325,0.672,0.325,0.197,0.57,0.257,0.047,0.548,0.548,0.953,0.43,0.803,1.0,1.0,0.325
pval,fisher_combined,0.4324273549442975,0.4324273549442975,0.8768204169251119,0.03425834939113167,0.7900793722396121,0.8113597505227478,0.3511395078501132,0.9655432074433685,0.8246958032461038,0.9674949314170219,0.3392749910247649,0.8773948097874554,0.9884134204394883,0.8243503997535825,0.42828085401643534,0.42828085401643534,0.8243503997535825,0.42828085401643534,0.3392749910247649,0.9674949314170219,0.8787435088048058,0.02498014142056894,0.7937678435612019,0.7933994401113555,0.8773948097874554,0.16743396785358303,0.5591657670573702,1.0,1.0,0.42828085401643534
