,fold,PQD,PQD(class),EPPV,ENPV,DPM(Positive),DPM(Negative),EOM(Positive),EOM(Negative),AUCRatio,EOpp0,EOpp1,EBAcc,EOdd,AUCDiff,TOTALACCDIF,ACCDIF,AUC_diff,ACC_diff,TPR_diff,TNR_diff,PPV_diff,NPV_diff,PR_diff,NR_diff,BAcc_diff,FPR_diff,FNR_diff,OverAllAcc_diff,OverAllAUC_diff,TOTALACC_diff
pval,0,0.979,0.979,0.808,0.707,0.374,0.426,0.94,0.822,0.566,0.832,0.94,0.845,0.743,0.568,0.979,0.979,0.568,0.979,0.94,0.832,0.812,0.711,0.381,0.381,0.845,0.182,0.062,1.0,1.0,0.979
pval,1,0.196,0.196,0.871,0.07,0.765,0.772,0.17,0.814,0.351,0.817,0.164,0.423,0.913,0.349,0.195,0.195,0.349,0.195,0.164,0.817,0.871,0.055,0.767,0.767,0.423,0.183,0.836,1.0,1.0,0.195
pval,2,0.267,0.267,0.869,0.086,0.555,0.556,0.292,0.818,0.975,0.816,0.291,0.486,0.856,0.976,0.259,0.259,0.976,0.259,0.291,0.816,0.868,0.083,0.553,0.552,0.486,0.184,0.709,1.0,1.0,0.259
pval,3,0.336,0.336,0.239,0.042,0.529,0.533,0.187,0.552,0.618,0.554,0.184,0.949,0.748,0.618,0.333,0.333,0.618,0.333,0.184,0.554,0.241,0.033,0.532,0.532,0.949,0.446,0.816,1.0,1.0,0.333
pval,fisher_combined,0.42144931191882695,0.42144931191882695,0.8707418182326205,0.027522744359342415,0.762495450912593,0.7935674767757336,0.3032042404083873,0.966498451877962,0.8343287600741087,0.9679423870108012,0.29468284698538033,0.890858227695028,0.9895583680425477,0.8341069951232806,0.41294155258421783,0.41294155258421783,0.8341069951232806,0.41294155258421783,0.29468284698538033,0.9679423870108012,0.8728343435231837,0.01919975358311669,0.7674188961901911,0.7670356805536629,0.890858227695028,0.16013987098670082,0.5351254635154541,1.0,1.0,0.41294155258421783
