,fold,PQD,PQD(class),EPPV,ENPV,DPM(Positive),DPM(Negative),EOM(Positive),EOM(Negative),AUCRatio,EOpp0,EOpp1,EBAcc,EOdd,AUCDiff,TOTALACCDIF,ACCDIF,AUC_diff,ACC_diff,TPR_diff,TNR_diff,PPV_diff,NPV_diff,PR_diff,NR_diff,BAcc_diff,FPR_diff,FNR_diff,OverAllAcc_diff,OverAllAUC_diff,TOTALACC_diff
pval,0,0.044,0.044,0.189,0.271,0.638,0.599,0.063,0.188,0.432,0.183,0.063,0.166,0.263,0.432,0.044,0.044,0.432,0.044,0.063,0.183,0.192,0.261,0.638,0.638,0.166,0.826,0.938,1.0,1.0,0.044
pval,1,0.826,0.826,0.134,0.941,0.206,0.202,0.823,0.172,0.658,0.175,0.83,0.556,0.072,0.661,0.827,0.827,0.661,0.827,0.83,0.175,0.136,0.957,0.202,0.202,0.556,0.825,0.17,1.0,1.0,0.827
pval,2,0.745,0.745,0.148,0.912,0.481,0.486,0.71,0.19,0.014,0.191,0.712,0.524,0.146,0.014,0.752,0.752,0.014,0.752,0.712,0.191,0.15,0.923,0.481,0.481,0.524,0.81,0.288,1.0,1.0,0.752
pval,3,0.683,0.683,0.749,0.961,0.463,0.452,0.805,0.438,0.337,0.437,0.807,0.057,0.24,0.338,0.686,0.686,0.338,0.686,0.807,0.437,0.745,0.967,0.462,0.461,0.057,0.563,0.193,1.0,1.0,0.686
pval,fisher_combined,0.43535618624701766,0.43535618624701766,0.16266580688902635,0.9345651244563902,0.529912757737254,0.5093653817081844,0.5325764651928241,0.1586872392002156,0.1042257254121431,0.1580654349761768,0.5355413812180614,0.16094253985475937,0.06662375809707002,0.1047125784043163,0.43828833837260395,0.43828833837260395,0.1047125784043163,0.43828833837260395,0.5355413812180614,0.1580654349761768,0.16636695029120016,0.9342483556607816,0.5252441637162634,0.5247803512871694,0.16094253985475937,0.9688800585997305,0.30563859690629647,1.0,1.0,0.43828833837260395
