,fold,PQD,PQD(class),EPPV,ENPV,DPM(Positive),DPM(Negative),EOM(Positive),EOM(Negative),AUCRatio,EOpp0,EOpp1,EBAcc,EOdd,AUCDiff,TOTALACCDIF,ACCDIF,AUC_diff,ACC_diff,TPR_diff,TNR_diff,PPV_diff,NPV_diff,PR_diff,NR_diff,BAcc_diff,FPR_diff,FNR_diff,OverAllAcc_diff,OverAllAUC_diff,TOTALACC_diff
pval,0,0.983,0.983,0.811,0.73,0.373,0.412,0.938,0.816,0.568,0.826,0.938,0.834,0.737,0.568,0.983,0.983,0.568,0.983,0.938,0.826,0.808,0.74,0.373,0.373,0.834,0.183,0.063,1.0,1.0,0.983
pval,1,0.186,0.186,0.866,0.059,0.799,0.803,0.177,0.829,0.342,0.825,0.17,0.444,0.928,0.339,0.185,0.185,0.339,0.185,0.17,0.825,0.864,0.043,0.803,0.803,0.444,0.175,0.83,1.0,1.0,0.185
pval,2,0.259,0.259,0.852,0.088,0.524,0.519,0.29,0.811,0.986,0.81,0.288,0.476,0.854,0.986,0.26,0.26,0.986,0.26,0.288,0.81,0.85,0.077,0.524,0.524,0.476,0.191,0.712,1.0,1.0,0.26
pval,3,0.319,0.319,0.251,0.039,0.539,0.55,0.195,0.562,0.663,0.563,0.193,0.943,0.76,0.662,0.316,0.316,0.662,0.316,0.193,0.563,0.255,0.033,0.541,0.541,0.943,0.437,0.807,1.0,1.0,0.316
pval,fisher_combined,0.39676647606515936,0.39676647606515936,0.8754145698965689,0.024101238761150313,0.7629332931577548,0.7870776989653857,0.31471061683789425,0.968223852318136,0.8454577342405776,0.9688800585997305,0.30563859690629647,0.892177030287232,0.990446388476825,0.8435336648746865,0.3947311376856198,0.3947311376856198,0.8435336648746865,0.3947311376856198,0.30563859690629647,0.9688800585997305,0.8766812315471509,0.01570689658319326,0.764781173473232,0.764781173473232,0.892177030287232,0.1580654349761768,0.5355413812180614,1.0,1.0,0.3947311376856198
