,fold,PQD,PQD(class),EPPV,ENPV,DPM(Positive),DPM(Negative),EOM(Positive),EOM(Negative),AUCRatio,EOpp0,EOpp1,EBAcc,EOdd,AUCDiff,TOTALACCDIF,ACCDIF,AUC_diff,ACC_diff,TPR_diff,TNR_diff,PPV_diff,NPV_diff,PR_diff,NR_diff,BAcc_diff,FPR_diff,FNR_diff,OverAllAcc_diff,OverAllAUC_diff,TOTALACC_diff
pval,0,0.602,0.602,0.878,0.308,0.005,0.033,0.04,0.429,0.369,0.434,0.039,0.664,0.577,0.371,0.602,0.602,0.371,0.602,0.039,0.434,0.878,0.303,0.006,0.006,0.664,0.569,0.965,1.0,1.0,0.602
pval,1,0.321,0.321,0.072,0.485,0.029,0.046,0.816,0.738,0.619,0.75,0.818,0.711,0.607,0.622,0.336,0.336,0.622,0.336,0.818,0.75,0.072,0.479,0.032,0.032,0.711,0.257,0.182,1.0,1.0,0.336
pval,2,0.535,0.535,0.042,0.145,0.018,0.042,0.758,0.894,0.547,0.896,0.755,0.966,0.746,0.543,0.534,0.534,0.543,0.534,0.755,0.896,0.046,0.136,0.023,0.023,0.966,0.104,0.245,1.0,1.0,0.534
pval,3,0.161,0.161,0.002,0.11,0.013,0.029,0.576,0.356,0.622,0.362,0.576,0.506,0.334,0.621,0.163,0.163,0.621,0.163,0.576,0.362,0.001,0.101,0.017,0.017,0.506,0.638,0.424,1.0,1.0,0.163
pval,fisher_combined,0.4150098497504861,0.4150098497504861,0.0020472710711754516,0.147708648212592,3.44057987340419e-05,0.0008962471861749209,0.3860407179173866,0.8003660919357567,0.7458153487315957,0.8097694207066076,0.38116396027142274,0.9385077202089732,0.7705782488802031,0.7460942860430257,0.42579022875115347,0.42579022875115347,0.7460942860430257,0.42579022875115347,0.38116396027142274,0.8097694207066076,0.001280343555337125,0.1327999537759157,6.66466184732172e-05,6.66466184732172e-05,0.9385077202089732,0.3199796551804781,0.4327096033735992,1.0,1.0,0.42579022875115347
