,fold,PQD,PQD(class),EPPV,ENPV,DPM(Positive),DPM(Negative),EOM(Positive),EOM(Negative),AUCRatio,EOpp0,EOpp1,EBAcc,EOdd,AUCDiff,TOTALACCDIF,ACCDIF,AUC_diff,ACC_diff,TPR_diff,TNR_diff,PPV_diff,NPV_diff,PR_diff,NR_diff,BAcc_diff,FPR_diff,FNR_diff,OverAllAcc_diff,OverAllAUC_diff,TOTALACC_diff
pval,0,0.456,0.456,0.122,0.708,0.996,0.968,0.964,0.58,0.631,0.569,0.965,0.337,0.424,0.629,0.456,0.456,0.629,0.456,0.965,0.569,0.122,0.712,0.995,0.995,0.337,0.434,0.039,1.0,1.0,0.456
pval,1,0.692,0.692,0.928,0.517,0.971,0.954,0.184,0.266,0.381,0.257,0.182,0.289,0.393,0.378,0.677,0.677,0.378,0.677,0.182,0.257,0.928,0.522,0.968,0.968,0.289,0.75,0.818,1.0,1.0,0.677
pval,2,0.478,0.478,0.958,0.855,0.983,0.959,0.242,0.106,0.453,0.104,0.245,0.034,0.254,0.457,0.479,0.479,0.457,0.479,0.245,0.104,0.954,0.864,0.978,0.978,0.034,0.896,0.755,1.0,1.0,0.479
pval,3,0.842,0.842,0.998,0.89,0.987,0.971,0.424,0.644,0.378,0.638,0.424,0.494,0.666,0.379,0.84,0.84,0.379,0.84,0.424,0.638,0.999,0.899,0.983,0.983,0.494,0.362,0.576,1.0,1.0,0.84
pval,fisher_combined,0.8454774524854958,0.8454774524854958,0.8147381921083197,0.9590479087144635,0.9999993492969734,0.9999808425395245,0.4322358163307009,0.33337356754620506,0.6047177101760384,0.3199796551804781,0.4327096033735992,0.11778985721785033,0.5218506104053534,0.6047964508579433,0.8413271393444433,0.8413271393444433,0.6047964508579433,0.8413271393444433,0.4327096033735992,0.3199796551804781,0.8141067844441507,0.9624341478956588,0.9999986277844678,0.9999986277844678,0.11778985721785033,0.8097694207066076,0.38116396027142274,1.0,1.0,0.8413271393444433
