,fold,PQD,PQD(class),EPPV,ENPV,DPM(Positive),DPM(Negative),EOM(Positive),EOM(Negative),AUCRatio,EOpp0,EOpp1,EBAcc,EOdd,AUCDiff,TOTALACCDIF,ACCDIF,AUC_diff,ACC_diff,TPR_diff,TNR_diff,PPV_diff,NPV_diff,PR_diff,NR_diff,BAcc_diff,FPR_diff,FNR_diff,OverAllAcc_diff,OverAllAUC_diff,TOTALACC_diff
pval,0,0.503,0.503,0.466,0.92,0.137,0.131,0.555,0.778,0.475,0.778,0.554,0.527,0.673,0.476,0.503,0.503,0.476,0.503,0.554,0.778,0.461,0.922,0.133,0.133,0.527,0.222,0.446,1.0,1.0,0.503
pval,1,0.398,0.398,0.361,0.647,0.138,0.128,0.438,0.854,0.561,0.852,0.436,0.574,0.822,0.561,0.398,0.398,0.561,0.398,0.436,0.852,0.358,0.646,0.129,0.129,0.574,0.148,0.564,1.0,1.0,0.398
pval,2,0.095,0.095,0.064,0.769,0.146,0.131,0.484,0.25,0.394,0.249,0.485,0.166,0.247,0.394,0.095,0.095,0.394,0.095,0.485,0.249,0.059,0.769,0.14,0.14,0.166,0.751,0.515,1.0,1.0,0.095
pval,3,0.122,0.122,0.014,0.702,0.144,0.138,0.774,0.1,0.207,0.094,0.772,0.165,0.061,0.206,0.121,0.121,0.206,0.121,0.772,0.094,0.014,0.705,0.139,0.139,0.165,0.906,0.228,1.0,1.0,0.121
pval,fisher_combined,0.14540383774741275,0.14540383774741275,0.02443333756446353,0.9715736600230663,0.04750162744577501,0.039569252313578766,0.7795215243978446,0.41461337045050334,0.4675871721192615,0.40173686799345104,0.778078744219564,0.29525392194515215,0.29616506243688845,0.4670303026710382,0.14469486327670567,0.14469486327670567,0.4670303026710382,0.14469486327670567,0.778078744219564,0.40173686799345104,0.022768991905903882,0.9719552502855042,0.04224453276067912,0.04224453276067912,0.29525392194515215,0.47334440312685855,0.5318638130941081,1.0,1.0,0.14469486327670567
