,fold,PQD,PQD(class),EPPV,ENPV,DPM(Positive),DPM(Negative),EOM(Positive),EOM(Negative),AUCRatio,EOpp0,EOpp1,EBAcc,EOdd,AUCDiff,TOTALACCDIF,ACCDIF,AUC_diff,ACC_diff,TPR_diff,TNR_diff,PPV_diff,NPV_diff,PR_diff,NR_diff,BAcc_diff,FPR_diff,FNR_diff,OverAllAcc_diff,OverAllAUC_diff,TOTALACC_diff
pval,0,0.531,0.531,0.416,0.923,0.156,0.149,0.59,0.749,0.491,0.749,0.592,0.561,0.651,0.489,0.529,0.529,0.489,0.529,0.592,0.749,0.415,0.923,0.155,0.155,0.561,0.251,0.408,1.0,1.0,0.529
pval,1,0.436,0.436,0.361,0.655,0.116,0.115,0.393,0.867,0.588,0.868,0.39,0.601,0.855,0.589,0.436,0.436,0.589,0.436,0.39,0.868,0.358,0.656,0.115,0.115,0.601,0.132,0.61,1.0,1.0,0.436
pval,2,0.14,0.14,0.059,0.988,0.142,0.143,0.672,0.259,0.45,0.256,0.671,0.224,0.201,0.447,0.141,0.141,0.447,0.141,0.671,0.256,0.056,0.988,0.143,0.143,0.224,0.744,0.329,1.0,1.0,0.141
pval,3,0.139,0.139,0.021,0.592,0.164,0.156,0.885,0.117,0.206,0.115,0.885,0.182,0.054,0.206,0.138,0.138,0.206,0.138,0.885,0.115,0.019,0.594,0.161,0.161,0.182,0.885,0.115,1.0,1.0,0.138
pval,fisher_combined,0.21299479147895647,0.21299479147895647,0.028300214260273345,0.9784892446190916,0.04939572000034463,0.046273665191891765,0.8604921385475196,0.4476136160377461,0.5108200809914183,0.4421169685475642,0.8594596504482851,0.3794864232514698,0.2500411467079128,0.508900929567798,0.21253621915811868,0.21253621915811868,0.508900929567798,0.21253621915811868,0.8594596504482851,0.4421169685475642,0.02526111641990535,0.9788120635604591,0.0485279586450326,0.0485279586450326,0.3794864232514698,0.468355689061028,0.31517822115814165,1.0,1.0,0.21253621915811868
