,fold,PQD,PQD(class),EPPV,ENPV,DPM(Positive),DPM(Negative),EOM(Positive),EOM(Negative),AUCRatio,EOpp0,EOpp1,EBAcc,EOdd,AUCDiff,TOTALACCDIF,ACCDIF,AUC_diff,ACC_diff,TPR_diff,TNR_diff,PPV_diff,NPV_diff,PR_diff,NR_diff,BAcc_diff,FPR_diff,FNR_diff,OverAllAcc_diff,OverAllAUC_diff,TOTALACC_diff
pval,0,0.967,0.967,0.257,0.457,0.04,0.089,0.08,0.2,0.356,0.117,0.099,0.711,0.363,0.32,0.967,0.967,0.32,0.967,0.099,0.117,0.236,0.492,0.055,0.055,0.711,0.883,0.901,1.0,1.0,0.967
pval,1,0.263,0.263,0.792,0.393,0.033,0.068,0.023,0.503,0.374,0.486,0.027,0.537,0.926,0.386,0.287,0.287,0.386,0.287,0.027,0.486,0.791,0.417,0.039,0.039,0.537,0.514,0.973,1.0,1.0,0.287
pval,2,0.576,0.576,0.8,0.277,0.41,0.446,0.22,0.954,0.886,0.95,0.236,0.526,0.938,0.887,0.578,0.578,0.887,0.578,0.236,0.95,0.798,0.299,0.425,0.425,0.526,0.05,0.764,1.0,1.0,0.578
pval,3,0.225,0.225,0.561,0.131,0.963,0.963,0.276,0.26,0.227,0.28,0.284,0.167,0.42,0.24,0.239,0.239,0.24,0.239,0.284,0.28,0.569,0.165,0.963,0.963,0.167,0.72,0.716,1.0,1.0,0.239
pval,fisher_combined,0.5556349844631618,0.5556349844631618,0.7801740822227783,0.26038072104334553,0.0568753351159302,0.1554927209059367,0.01978344169804084,0.4960817682494322,0.5109383714828835,0.39700016528141696,0.0275652770325332,0.5594383066422522,0.85317948746281,0.5070882680898132,0.5889012837944081,0.5889012837944081,0.5070882680898132,0.5889012837944081,0.0275652770325332,0.39700016528141696,0.7644148893324085,0.3268381722062171,0.07980671673141543,0.07980671673141543,0.5594383066422522,0.41148377835612393,0.9931985781111866,1.0,1.0,0.5889012837944081
