,fold,PQD,PQD(class),EPPV,ENPV,DPM(Positive),DPM(Negative),EOM(Positive),EOM(Negative),AUCRatio,EOpp0,EOpp1,EBAcc,EOdd,AUCDiff,TOTALACCDIF,ACCDIF,AUC_diff,ACC_diff,TPR_diff,TNR_diff,PPV_diff,NPV_diff,PR_diff,NR_diff,BAcc_diff,FPR_diff,FNR_diff,OverAllAcc_diff,OverAllAUC_diff,TOTALACC_diff
pval,0,0.975,0.975,0.275,0.414,0.029,0.083,0.063,0.193,0.341,0.122,0.074,0.71,0.388,0.313,0.975,0.975,0.313,0.975,0.074,0.122,0.256,0.443,0.038,0.038,0.71,0.878,0.926,1.0,1.0,0.975
pval,1,0.228,0.228,0.776,0.419,0.023,0.055,0.016,0.471,0.379,0.461,0.019,0.517,0.943,0.396,0.237,0.237,0.396,0.237,0.019,0.461,0.779,0.438,0.027,0.027,0.517,0.539,0.981,1.0,1.0,0.237
pval,2,0.752,0.752,0.702,0.386,0.448,0.492,0.304,0.862,0.865,0.859,0.318,0.699,0.869,0.865,0.749,0.749,0.865,0.749,0.318,0.859,0.7,0.41,0.468,0.468,0.699,0.141,0.682,1.0,1.0,0.749
pval,3,0.325,0.325,0.686,0.181,0.961,0.961,0.405,0.31,0.214,0.351,0.41,0.231,0.392,0.225,0.333,0.333,0.225,0.333,0.41,0.351,0.693,0.223,0.961,0.961,0.231,0.649,0.59,1.0,1.0,0.333
pval,fisher_combined,0.6667875938917933,0.6667875938917933,0.8043523774071815,0.35719520153700746,0.038139938349044396,0.13927494044711042,0.021310868633880434,0.4904765043340731,0.487308587984456,0.4185644832513799,0.028008609451263673,0.6862268868977808,0.8419672247347616,0.4890362129728548,0.679982234694614,0.679982234694614,0.4890362129728548,0.679982234694614,0.028008609451263673,0.4185644832513799,0.7920456686279347,0.4272622210335636,0.05247178996891165,0.05247178996891165,0.6862268868977808,0.6160185669502125,0.98061554402482,1.0,1.0,0.679982234694614
