,fold,PQD,PQD(class),EPPV,ENPV,DPM(Positive),DPM(Negative),EOM(Positive),EOM(Negative),AUCRatio,EOpp0,EOpp1,EBAcc,EOdd,AUCDiff,TOTALACCDIF,ACCDIF,AUC_diff,ACC_diff,TPR_diff,TNR_diff,PPV_diff,NPV_diff,PR_diff,NR_diff,BAcc_diff,FPR_diff,FNR_diff,OverAllAcc_diff,OverAllAUC_diff,TOTALACC_diff
pval,0,0.623,0.623,0.881,0.336,0.005,0.025,0.043,0.406,0.367,0.407,0.043,0.668,0.576,0.37,0.623,0.623,0.37,0.623,0.043,0.407,0.878,0.333,0.008,0.008,0.668,0.593,0.959,1.0,1.0,0.623
pval,1,0.325,0.325,0.08,0.475,0.036,0.065,0.827,0.75,0.602,0.756,0.827,0.729,0.615,0.604,0.332,0.332,0.604,0.332,0.827,0.756,0.078,0.475,0.04,0.04,0.729,0.247,0.173,1.0,1.0,0.332
pval,2,0.427,0.427,0.055,0.232,0.005,0.019,0.983,0.951,0.508,0.949,0.983,0.954,0.762,0.508,0.424,0.424,0.508,0.424,0.983,0.949,0.057,0.223,0.008,0.008,0.954,0.051,0.018,1.0,1.0,0.424
pval,3,0.14,0.14,0.004,0.175,0.008,0.025,0.828,0.537,0.581,0.539,0.827,0.589,0.44,0.578,0.142,0.142,0.578,0.142,0.827,0.539,0.004,0.171,0.01,0.01,0.589,0.461,0.173,1.0,1.0,0.142
pval,fisher_combined,0.3569742436195945,0.3569742436195945,0.00464786496901786,0.2595840552044449,9.31683365368731e-06,0.00044675125350206505,0.5275129617608229,0.8812805943983381,0.7074300028566174,0.8832847012168051,0.5272538488711143,0.9573057135354965,0.8328273829878176,0.7088187219689116,0.3619321544843994,0.3619321544843994,0.7088187219689116,0.3619321544843994,0.5272538488711143,0.8832847012168051,0.0046724586938817255,0.2498253643493306,2.717544210974184e-05,2.717544210974184e-05,0.9573057135354965,0.1830411939613412,0.05654781452575364,1.0,1.0,0.3619321544843994
