,fold,PQD,PQD(class),EPPV,ENPV,DPM(Positive),DPM(Negative),EOM(Positive),EOM(Negative),AUCRatio,EOpp0,EOpp1,EBAcc,EOdd,AUCDiff,TOTALACCDIF,ACCDIF,AUC_diff,ACC_diff,TPR_diff,TNR_diff,PPV_diff,NPV_diff,PR_diff,NR_diff,BAcc_diff,FPR_diff,FNR_diff,OverAllAcc_diff,OverAllAUC_diff,TOTALACC_diff
pval,0,0.61,0.61,0.872,0.329,0.004,0.029,0.051,0.401,0.381,0.396,0.049,0.655,0.55,0.384,0.608,0.608,0.384,0.608,0.049,0.396,0.872,0.326,0.003,0.003,0.655,0.606,0.953,1.0,1.0,0.608
pval,1,0.321,0.321,0.07,0.467,0.032,0.057,0.807,0.764,0.605,0.769,0.813,0.727,0.639,0.606,0.329,0.329,0.606,0.329,0.813,0.769,0.074,0.466,0.031,0.031,0.727,0.234,0.187,1.0,1.0,0.329
pval,2,0.484,0.484,0.041,0.133,0.021,0.032,0.746,0.861,0.51,0.861,0.747,0.963,0.742,0.51,0.477,0.477,0.51,0.477,0.747,0.861,0.04,0.12,0.021,0.021,0.963,0.139,0.253,1.0,1.0,0.477
pval,3,0.187,0.187,0.003,0.119,0.019,0.022,0.602,0.366,0.596,0.373,0.603,0.51,0.337,0.595,0.191,0.191,0.595,0.191,0.603,0.373,0.003,0.116,0.019,0.019,0.51,0.627,0.397,1.0,1.0,0.191
pval,fisher_combined,0.4270637980390429,0.4270637980390429,0.0026744844131778057,0.1495021795496757,4.839625428613649e-05,0.000620484792612667,0.43525217665838567,0.7916260508546294,0.7232541221786992,0.7942774148922398,0.429477861526161,0.9401177964742751,0.7720574701711094,0.7249677311114189,0.4324941774661412,0.4324941774661412,0.7249677311114189,0.4324941774661412,0.429477861526161,0.7942774148922398,0.0027386957494165143,0.13758131398649487,3.7078378228128545e-05,3.7078378228128545e-05,0.9401177964742751,0.3605994767090184,0.4289951237352461,1.0,1.0,0.4324941774661412
