,fold,PQD,PQD(class),EPPV,ENPV,DPM(Positive),DPM(Negative),EOM(Positive),EOM(Negative),AUCRatio,EOpp0,EOpp1,EBAcc,EOdd,AUCDiff,TOTALACCDIF,ACCDIF,AUC_diff,ACC_diff,TPR_diff,TNR_diff,PPV_diff,NPV_diff,PR_diff,NR_diff,BAcc_diff,FPR_diff,FNR_diff,OverAllAcc_diff,OverAllAUC_diff,TOTALACC_diff
pval,0,0.583,0.583,0.183,0.966,0.574,0.598,0.641,0.4,0.538,0.414,0.651,0.557,0.344,0.545,0.575,0.575,0.545,0.575,0.651,0.414,0.201,0.966,0.597,0.597,0.557,0.604,0.352,1.0,1.0,0.575
pval,1,0.866,0.866,0.948,0.856,0.446,0.476,0.933,0.862,0.706,0.862,0.932,0.977,0.181,0.706,0.866,0.866,0.706,0.866,0.932,0.862,0.948,0.857,0.473,0.473,0.977,0.139,0.068,1.0,1.0,0.866
pval,2,0.471,0.471,0.854,0.385,0.279,0.311,0.662,0.818,0.793,0.818,0.657,0.627,0.417,0.793,0.47,0.47,0.793,0.47,0.657,0.818,0.854,0.384,0.303,0.303,0.627,0.182,0.345,1.0,1.0,0.47
pval,3,0.521,0.521,0.886,0.624,0.112,0.152,0.955,0.568,0.326,0.565,0.955,0.973,0.08,0.328,0.521,0.521,0.328,0.521,0.955,0.565,0.884,0.622,0.145,0.145,0.973,0.435,0.045,1.0,1.0,0.521
pval,fisher_combined,0.8408410251516327,0.8408410251516327,0.85157236964709,0.9189388638300571,0.2899505199773036,0.3756564597115448,0.9826454559868294,0.8862076708553328,0.7950995343924027,0.890935971778649,0.9830384187940846,0.9740629000316074,0.13611315048751293,0.7989844027467543,0.8378324894527098,0.8378324894527098,0.7989844027467543,0.8378324894527098,0.9830384187940846,0.890935971778649,0.8679641239233484,0.9182885343131069,0.36127367907812175,0.36127367907812175,0.9740629000316074,0.26311919120776983,0.04540471302921837,1.0,1.0,0.8378324894527098
