,fold,PQD,PQD(class),EPPV,ENPV,DPM(Positive),DPM(Negative),EOM(Positive),EOM(Negative),AUCRatio,EOpp0,EOpp1,EBAcc,EOdd,AUCDiff,TOTALACCDIF,ACCDIF,AUC_diff,ACC_diff,TPR_diff,TNR_diff,PPV_diff,NPV_diff,PR_diff,NR_diff,BAcc_diff,FPR_diff,FNR_diff,OverAllAcc_diff,OverAllAUC_diff,TOTALACC_diff
pval,0,0.457,0.457,0.818,0.034,0.448,0.424,0.362,0.614,0.463,0.604,0.352,0.443,0.657,0.456,0.465,0.465,0.456,0.465,0.352,0.604,0.8,0.034,0.425,0.425,0.443,0.414,0.651,1.0,1.0,0.465
pval,1,0.167,0.167,0.054,0.145,0.565,0.535,0.067,0.139,0.294,0.139,0.068,0.023,0.819,0.294,0.178,0.178,0.294,0.178,0.068,0.139,0.054,0.144,0.546,0.547,0.023,0.862,0.932,1.0,1.0,0.178
pval,2,0.55,0.55,0.148,0.616,0.731,0.699,0.34,0.182,0.207,0.182,0.345,0.373,0.583,0.207,0.551,0.551,0.207,0.551,0.345,0.182,0.148,0.617,0.707,0.707,0.373,0.818,0.657,1.0,1.0,0.551
pval,3,0.498,0.498,0.116,0.376,0.892,0.852,0.045,0.432,0.674,0.435,0.045,0.027,0.92,0.672,0.498,0.498,0.672,0.498,0.045,0.435,0.118,0.378,0.859,0.859,0.027,0.565,0.955,1.0,1.0,0.498
pval,fisher_combined,0.4597093045960855,0.4597093045960855,0.07264624269518682,0.09426973927439808,0.891046850669499,0.8568014636448711,0.045361992910961206,0.2644480542302506,0.44058102721169734,0.26311919120776983,0.04540471302921837,0.018623380119984007,0.9624090128896206,0.4370002229675011,0.476586142633561,0.476586142633561,0.4370002229675011,0.476586142633561,0.04540471302921837,0.26311919120776983,0.07240494252071034,0.09427013402281087,0.8643542124100201,0.8646774236082072,0.018623380119984007,0.890935971778649,0.9830384187940846,1.0,1.0,0.476586142633561
