,fold,PQD,PQD(class),EPPV,ENPV,DPM(Positive),DPM(Negative),EOM(Positive),EOM(Negative),AUCRatio,EOpp0,EOpp1,EBAcc,EOdd,AUCDiff,TOTALACCDIF,ACCDIF,AUC_diff,ACC_diff,TPR_diff,TNR_diff,PPV_diff,NPV_diff,PR_diff,NR_diff,BAcc_diff,FPR_diff,FNR_diff,OverAllAcc_diff,OverAllAUC_diff,TOTALACC_diff
pval,0,0.065,0.065,0.23,0.203,0.453,0.443,0.27,0.119,0.118,0.116,0.244,0.07,0.521,0.097,0.062,0.062,0.097,0.062,0.244,0.116,0.184,0.204,0.443,0.443,0.07,0.884,0.757,1.0,1.0,0.062
pval,1,0.106,0.106,0.263,0.337,0.246,0.247,0.497,0.086,0.092,0.083,0.472,0.148,0.157,0.09,0.109,0.109,0.09,0.109,0.472,0.083,0.213,0.33,0.249,0.249,0.148,0.917,0.528,1.0,1.0,0.109
pval,2,0.075,0.075,0.242,0.302,0.239,0.236,0.507,0.07,0.095,0.07,0.484,0.126,0.122,0.084,0.072,0.072,0.084,0.072,0.484,0.07,0.198,0.302,0.236,0.236,0.126,0.93,0.516,1.0,1.0,0.072
pval,3,0.068,0.068,0.182,0.253,0.27,0.255,0.392,0.057,0.211,0.056,0.364,0.1,0.234,0.208,0.068,0.068,0.208,0.068,0.364,0.056,0.142,0.258,0.254,0.254,0.1,0.944,0.636,1.0,1.0,0.068
pval,fisher_combined,0.008561919992801398,0.008561919992801398,0.15775986674036585,0.23117460081312322,0.2742817612901856,0.2618166537915263,0.5100771465574429,0.009563034939058692,0.03153912266200268,0.009024990043228473,0.4537201507786427,0.022084176329610992,0.1459569931477276,0.024637373465447646,0.008189758588833484,0.008189758588833484,0.024637373465447646,0.008189758588833484,0.4537201507786427,0.009024990043228473,0.09218306663965763,0.23161635357364369,0.2623922917309763,0.2623922917309763,0.022084176329610992,0.9995744469605317,0.8514397514240395,1.0,1.0,0.008189758588833484
