,fold,PQD,PQD(class),EPPV,ENPV,DPM(Positive),DPM(Negative),EOM(Positive),EOM(Negative),AUCRatio,EOpp0,EOpp1,EBAcc,EOdd,AUCDiff,TOTALACCDIF,ACCDIF,AUC_diff,ACC_diff,TPR_diff,TNR_diff,PPV_diff,NPV_diff,PR_diff,NR_diff,BAcc_diff,FPR_diff,FNR_diff,OverAllAcc_diff,OverAllAUC_diff,TOTALACC_diff
pval,0,0.105,0.105,0.351,0.29,0.496,0.481,0.45,0.167,0.082,0.174,0.418,0.151,0.336,0.064,0.096,0.096,0.064,0.096,0.418,0.174,0.313,0.292,0.476,0.476,0.151,0.826,0.582,1.0,1.0,0.096
pval,1,0.151,0.151,0.435,0.386,0.252,0.249,0.72,0.123,0.093,0.123,0.708,0.284,0.094,0.086,0.14,0.14,0.086,0.14,0.708,0.123,0.368,0.384,0.243,0.243,0.284,0.877,0.295,1.0,1.0,0.14
pval,2,0.13,0.13,0.361,0.328,0.257,0.251,0.7,0.114,0.081,0.114,0.703,0.261,0.089,0.074,0.132,0.132,0.074,0.132,0.703,0.114,0.333,0.33,0.25,0.25,0.261,0.886,0.297,1.0,1.0,0.132
pval,3,0.111,0.111,0.272,0.28,0.301,0.292,0.522,0.101,0.19,0.1,0.496,0.167,0.179,0.189,0.108,0.108,0.189,0.108,0.496,0.1,0.24,0.279,0.292,0.292,0.167,0.9,0.504,1.0,1.0,0.108
pval,fisher_combined,0.03264643421663333,0.03264643421663333,0.3953647014202281,0.3293897176700103,0.3194171989597643,0.3041332464683658,0.8322135019204684,0.0333999734189197,0.020485817680635766,0.03412096529932974,0.8051837836838661,0.12773804333703523,0.055569579307910344,0.01516225493994327,0.028881554765799112,0.028881554765799112,0.01516225493994327,0.028881554765799112,0.8051837836838661,0.03412096529932974,0.3115836089365165,0.3300770482914374,0.2981430069897626,0.2981430069897626,0.12773804333703523,0.9975532275848793,0.5022668662461722,1.0,1.0,0.028881554765799112
