,fold,PQD,PQD(class),EPPV,ENPV,DPM(Positive),DPM(Negative),EOM(Positive),EOM(Negative),AUCRatio,EOpp0,avgEOpp,EOpp1,EBAcc,EOdd,AUCDiff,TOTALACCDIF,ACCDIF,FAT_EO,FAT_ED,FAUCT_EO,FAUCT_ED,AUC_diff,ACC_diff,TPR_diff,TNR_diff,PPV_diff,NPV_diff,PR_diff,NR_diff,BAcc_diff,FPR_diff,FNR_diff,OverAllAcc_diff,OverAllAUC_diff,TOTALACC_diff
pval,0,0.127,0.127,1.0,0.226,0.008,0.054,0.015,1.0,0.413,1.0,0.015,0.015,0.015,0.985,0.413,0.127,0.127,0.016,0.987,0.015,0.985,0.413,0.127,0.015,1.0,1.0,0.228,0.024,0.024,0.015,1.0,0.985,1.0,1.0,0.127
pval,1,0.135,0.135,0.567,0.198,0.0,0.009,0.012,0.367,0.435,0.367,0.014,0.012,0.014,0.987,0.435,0.135,0.135,0.016,0.99,0.014,0.987,0.435,0.135,0.012,0.367,0.567,0.199,0.002,0.002,0.014,0.643,0.988,1.0,1.0,0.135
pval,2,0.052,0.052,0.578,0.069,0.001,0.005,0.001,0.364,0.068,0.364,0.001,0.001,0.001,0.999,0.068,0.052,0.052,0.002,0.999,0.001,0.999,0.068,0.052,0.001,0.364,0.578,0.069,0.002,0.002,0.001,0.642,0.999,1.0,1.0,0.052
pval,3,0.105,0.105,0.62,0.087,0.0,0.003,0.002,0.52,0.167,0.52,0.004,0.002,0.004,0.999,0.167,0.107,0.107,0.004,0.999,0.004,0.999,0.167,0.107,0.002,0.52,0.62,0.087,0.0,0.0,0.004,0.484,0.998,1.0,1.0,0.107
pval,fisher_combined,0.017443727303716124,0.017443727303716124,0.9220643325138863,0.0364433704900549,0.0,9.415599295395343e-06,7.102134726022313e-07,0.7213710231680601,0.13465497533648227,0.7213710231680601,1.4794817377552365e-06,7.102134726022313e-07,1.4794817377552365e-06,0.9999999661684191,0.13465497533648227,0.017680222449486187,0.017680222449486187,3.186173203296949e-06,0.999999983696398,1.4794817377552365e-06,0.9999999661684191,0.13465497533648227,0.017680222449486187,7.102134726022313e-07,0.7213710231680601,0.9220643325138863,0.0367895222997215,0.0,0.0,1.4794817377552365e-06,0.9197399275180749,0.9999999662180804,1.0,1.0,0.017680222449486187
