,fold,PQD,PQD(class),EPPV,ENPV,DPM(Positive),DPM(Negative),EOM(Positive),EOM(Negative),AUCRatio,EOpp0,EOpp1,EBAcc,EOdd,AUCDiff,TOTALACCDIF,ACCDIF,AUC_diff,ACC_diff,TPR_diff,TNR_diff,PPV_diff,NPV_diff,PR_diff,NR_diff,BAcc_diff,FPR_diff,FNR_diff,OverAllAcc_diff,OverAllAUC_diff,TOTALACC_diff
pval,0,0.368,0.368,1.0,0.064,0.978,0.926,0.928,1.0,0.273,1.0,0.926,0.926,0.075,0.273,0.368,0.368,0.273,0.368,0.926,1.0,1.0,0.065,0.96,0.959,0.926,1.0,0.075,1.0,1.0,0.368
pval,1,0.199,0.199,1.0,0.01,0.999,0.98,0.905,1.0,0.461,1.0,0.899,0.899,0.101,0.461,0.199,0.199,0.461,0.199,0.899,1.0,1.0,0.01,0.996,0.996,0.899,1.0,0.101,1.0,1.0,0.199
pval,2,0.818,0.818,1.0,0.462,1.0,0.996,0.996,1.0,0.899,1.0,0.996,0.996,0.004,0.899,0.798,0.798,0.899,0.798,0.996,1.0,1.0,0.446,0.999,0.999,0.996,1.0,0.004,1.0,1.0,0.798
pval,3,0.523,0.523,0.377,0.459,1.0,0.996,0.99,0.46,0.102,0.46,0.99,0.984,0.01,0.102,0.515,0.515,0.102,0.515,0.99,0.46,0.377,0.455,0.999,0.999,0.984,0.542,0.01,1.0,1.0,0.515
pval,fisher_combined,0.5445963059992224,0.5445963059992224,0.9824767795782344,0.02269792853988657,0.9999999880569166,0.9999953253923638,0.9999546416539168,0.9917912891916965,0.3487656465864899,0.9917912891916965,0.999945934498823,0.999939255126848,0.00020974439367920847,0.3487656465864899,0.5359082656942544,0.5359082656942544,0.3487656465864899,0.5359082656942544,0.999945934498823,0.9917912891916965,0.9824767795782344,0.02224707132063033,0.9999998069521044,0.9999997893604176,0.999939255126848,0.9963889651989575,0.00020974439367920847,1.0,1.0,0.5359082656942544
