,fold,PQD,PQD(class),EPPV,ENPV,DPM(Positive),DPM(Negative),EOM(Positive),EOM(Negative),AUCRatio,EOpp0,avgEOpp,EOpp1,EBAcc,EOdd,AUCDiff,TOTALACCDIF,ACCDIF,FAT_EO,FAT_ED,FAUCT_EO,FAUCT_ED,AUC_diff,ACC_diff,TPR_diff,TNR_diff,PPV_diff,NPV_diff,PR_diff,NR_diff,BAcc_diff,FPR_diff,FNR_diff,OverAllAcc_diff,OverAllAUC_diff,TOTALACC_diff
pval,0,0.126,0.126,1.0,0.227,0.007,0.042,0.018,1.0,0.424,1.0,0.018,0.018,0.018,0.982,0.424,0.126,0.126,0.018,0.983,0.018,0.982,0.424,0.126,0.018,1.0,1.0,0.227,0.018,0.018,0.018,1.0,0.982,1.0,1.0,0.126
pval,1,0.156,0.156,0.559,0.217,0.0,0.012,0.006,0.382,0.461,0.382,0.01,0.006,0.01,0.993,0.461,0.156,0.156,0.013,0.995,0.01,0.993,0.461,0.156,0.006,0.382,0.559,0.214,0.001,0.001,0.01,0.63,0.994,1.0,1.0,0.156
pval,2,0.055,0.055,0.571,0.094,0.0,0.003,0.001,0.352,0.067,0.352,0.001,0.001,0.001,0.999,0.067,0.055,0.055,0.001,0.999,0.001,0.999,0.067,0.055,0.001,0.352,0.571,0.094,0.001,0.001,0.001,0.652,0.999,1.0,1.0,0.055
pval,3,0.118,0.118,0.616,0.084,0.001,0.0,0.002,0.527,0.193,0.527,0.004,0.002,0.006,0.998,0.194,0.123,0.123,0.006,0.998,0.004,0.998,0.194,0.123,0.002,0.527,0.616,0.083,0.001,0.001,0.006,0.477,0.998,1.0,1.0,0.123
pval,fisher_combined,0.021728840885172972,0.021728840885172972,0.9174946941413025,0.04681617600047505,0.0,0.0,4.553697791431574e-07,0.7257374039562154,0.15295185449840723,0.7257374039562154,1.2949802684479026e-06,4.553697791431574e-07,1.8377254530290783e-06,0.9999999742696222,0.15341812811496974,0.022373843579104744,0.022373843579104744,2.3036009705871744e-06,0.9999999836327323,1.2949802684479026e-06,0.9999999742696222,0.15341812811496974,0.022373843579104744,4.553697791431574e-07,0.7257374039562154,0.9174946941413025,0.04600991011010155,5.140346368935938e-08,5.140346368935938e-08,1.8377254530290783e-06,0.9169997848719846,0.9999999777342925,1.0,1.0,0.022373843579104744
