,fold,PQD,PQD(class),EPPV,ENPV,DPM(Positive),DPM(Negative),EOM(Positive),EOM(Negative),AUCRatio,EOpp0,EOpp1,EBAcc,EOdd,AUCDiff,TOTALACCDIF,ACCDIF,AUC_diff,ACC_diff,TPR_diff,TNR_diff,PPV_diff,NPV_diff,PR_diff,NR_diff,BAcc_diff,FPR_diff,FNR_diff,OverAllAcc_diff,OverAllAUC_diff,TOTALACC_diff
pval,0,0.683,0.683,1.0,0.936,0.022,0.074,0.073,1.0,0.73,1.0,0.075,0.075,0.926,0.73,0.76,0.76,0.73,0.76,0.075,1.0,1.0,0.935,0.04,0.041,0.075,1.0,0.926,1.0,1.0,0.76
pval,1,0.854,0.854,1.0,0.99,0.001,0.02,0.095,1.0,0.54,1.0,0.101,0.101,0.899,0.54,0.854,0.854,0.54,0.854,0.101,1.0,1.0,0.99,0.004,0.004,0.101,1.0,0.899,1.0,1.0,0.854
pval,2,0.197,0.197,1.0,0.538,0.0,0.004,0.004,1.0,0.101,1.0,0.004,0.004,0.996,0.101,0.217,0.217,0.101,0.217,0.004,1.0,1.0,0.554,0.001,0.001,0.004,1.0,0.996,1.0,1.0,0.217
pval,3,0.495,0.495,0.627,0.541,0.0,0.004,0.01,0.542,0.898,0.542,0.01,0.016,0.99,0.898,0.503,0.503,0.898,0.503,0.01,0.542,0.627,0.545,0.001,0.001,0.016,0.46,0.99,1.0,1.0,0.503
pval,fisher_combined,0.6770367005262818,0.6770367005262818,0.998633987737312,0.9558573418978532,0.0,2.545479797658834e-05,0.00019519103084119252,0.9963889651989575,0.573474135768957,0.9963889651989575,0.00020974439367920847,0.0003071254158032389,0.999945934498823,0.573474135768957,0.7256781596836163,0.7256781596836163,0.573474135768957,0.7256781596836163,0.00020974439367920847,0.9963889651989575,0.998633987737312,0.9593760085072806,3.5048766974510706e-07,3.581255003587404e-07,0.0003071254158032389,0.9917912891916965,0.999945934498823,1.0,1.0,0.7256781596836163
